date,heure,voitureMarque,voitureModele,imgGlobalName,imgPlaqueName,plateNumber
2020-04-22,22:27:00,FIAT,500X,14590707.jpg,1459070777f178.png,FG-253-SW
2020-04-22,22:08:04,Renault,Scenic,14590601.jpg,145906013a2b29.png,AB-201-WW
2020-04-22,21:53:30,Renault,Scenic,14590518.jpg,145905182dc73a.png,AB-201-WW
2020-04-22,21:37:20,Peugeot,308,14590394.jpg,14590394467635.png,CT-750-EY
2020-04-22,21:23:04,Peugeot,308,14590229.jpg,145902296d0114.png,CT-750-EY
2020-04-22,21:03:28,BMW,4,14590132.jpg,145901323bb401.png,DB-620-VM
2020-04-22,20:48:23,Tesla,Model,14590018.jpg,14590018cec80e.png,FK-032-AY
2020-04-22,20:33:03,Alfa,Romeo,14589913.jpg,145899136194d5.png,EK-609-RG
2020-04-22,20:15:10,Renault,Master,14589806.jpg,14589806fd7175.png,ES-267-CB
2020-04-22,20:10:27,Opel,Corsa,14589775.jpg,14589775007a1d.png,389 BDE 35
2020-04-22,20:08:25,Volkswagen,Eos,14589759.jpg,14589759f148e4.png,983 AYC 35
2020-04-22,20:07:37,Opel,Vectra,14589749.jpg,1458974948ff79.png,7578 ZY 35
2020-04-22,20:06:39,Volkswagen,Passat,14589738.jpg,145897389bdf62.png,534 ACR 35
2020-04-22,20:05:53,Volkswagen,Polo,14589732.jpg,1458973289f29c.png,252 AEZ 35
2020-04-22,20:02:10,Volkswagen,Polo,14589711.jpg,14589711f26ab0.png,275 AMW 35
2020-04-22,19:57:38,Renault,Scenic,14589678.jpg,14589678000673.png,163 ABY 35
2020-04-22,19:56:40,Renault,Espace,14589670.jpg,14589670b6ab90.png,166 BFM 35
2020-04-22,19:55:18,Citroёn,Xsara,14589657.jpg,14589657522821.png,669 AAZ 35
2020-04-22,19:52:44,Renault,Espace,14589634.jpg,14589634074984.png,147 AFB 35
2020-04-22,19:51:20,Volkswagen,Touran,14589620.jpg,145896205598c4.png,769 APP 35
2020-04-22,19:39:17,Renault,Espace,14589521.jpg,14589521081e49.png,BH-392-DN
2020-04-22,19:34:37,Alfa,Romeo,14589491.jpg,145894915aeea6.png,EY-455-TQ
2020-04-22,19:33:14,MINI,Hatch,14589480.jpg,14589480283a35.png,FE-031-BR
2020-04-22,19:18:50,Citroёn,C4,14589382.jpg,1458938249b76c.png,BE-516-FH
2020-04-22,19:03:34,Citroёn,C4,14589315.jpg,145893157f13c8.png,BE-516-FH
2020-04-22,18:43:05,Opel,Ascona,14589180.jpg,1458918054a9dd.png,1711 VD 51
2020-04-22,18:37:42,Citroёn,C8,14589135.jpg,14589135cde96a.png,EZ-609-DL
2020-04-22,18:13:49,Suzuki,SX4,14588972.jpg,1458897274d4d2.png,BX-852-JD
2020-04-22,18:07:08,Rolls-Royce,Corniche,14588941.jpg,145889418692e1.png,DH-465-WY
2020-04-22,17:30:17,Volkswagen,Sharan,14588744.jpg,145887449b38da.png,69 YY 35
2020-04-22,17:29:17,Volkswagen,Touran,14588737.jpg,1458873794c49d.png,749 AJJ 35
2020-04-22,17:27:54,Renault,Espace,14588728.jpg,14588728346a99.png,4072 ZC 35
2020-04-22,17:27:07,Renault,Espace,14588721.jpg,14588721fbd6fe.png,756 ASE 35
2020-04-22,17:26:08,Volkswagen,Touran,14588715.jpg,14588715a92c27.png,526 ATW 35
2020-04-22,17:24:42,Citroёn,Xsara,14588712.jpg,14588712919866.png,589 AQC 35
2020-04-22,17:21:48,Citroёn,BX,14588704.jpg,145887045c7225.png,3017 WE 35
2020-04-22,17:19:47,Renault,18,14588697.jpg,1458869788b2dc.png,9084 VJ 35
2020-04-22,17:16:50,Citroёn,ZX,14588685.jpg,14588685485e88.png,3532 XS 35
2020-04-22,17:14:44,Renault,4,14588675.jpg,14588675c45da1.png,633 BFL 35
2020-04-22,15:51:46,,,14588223.jpg,14588223191dc3.png,746 BA 50
2020-04-22,14:51:12,DS,7,14588032.jpg,14588032c41e0c.png,FH-121-ET
2020-04-22,14:34:44,Volkswagen,T-Roc,14587988.jpg,14587988d73965.png,EV-113-GX
2020-04-22,14:26:24,Renault,Kadjar,14587971.jpg,14587971c332aa.png,FB-925-AP
2020-04-22,14:15:06,Challenger,Genesis,14587945.jpg,145879458801c0.png,DR-468-MB
2020-04-22,13:35:11,BMW,1,14587808.jpg,14587808e90677.png,559 AZL 971
2020-04-22,13:34:07,BMW,1,14587806.jpg,1458780696c258.png,559 AZL 971
2020-04-22,10:45:02,Suzuki,Swift,14587094.jpg,14587094b1f023.png,CY-056-PA
2020-04-22,06:24:03,Irisbus,Magelys,14586738.jpg,14586738e9b097.png,AL-361-AL
2020-04-21,21:52:15,Renault,Express,14585597.jpg,14585597629616.png,AT-322-AK
2020-04-21,21:50:07,Renault,4,14585588.jpg,14585588472233.png,873 TK 72
2020-04-21,21:29:46,Peugeot,208,14585487.jpg,14585487825fea.png,CP-543-PS
2020-04-21,19:48:11,,,14584950.jpg,14584950c4c774.png,600 RKM 75
2020-04-21,19:41:39,Chrysler,PT,14584904.jpg,145849044fa014.png,BR-183-QC
2020-04-21,19:15:03,Suzuki,SX4,14584697.jpg,14584697d79b47.png,BX-852-JD
2020-04-21,19:10:24,Santana,PS10,14584671.jpg,1458467182f355.png,CC-076-AB
2020-04-21,19:04:47,Peugeot,Expert,14584621.jpg,1458462155d41b.png,BE-713-CV
2020-04-21,19:02:49,BMW,X6,14584602.jpg,145846028c9629.png,CJ-410-LZ
2020-04-21,18:57:32,Peugeot,407,14584567.jpg,14584567cd2ca5.png,FB-066-NW
2020-04-21,18:56:54,Peugeot,307,14584562.jpg,1458456291cc35.png,31 APA 67
2020-04-21,18:54:32,Peugeot,106,14584553.jpg,145845532fd259.png,FE-162-QR
2020-04-21,18:38:35,Renault,Clio,14584470.jpg,14584470a0622a.png,494 ATW 35
2020-04-21,18:37:01,Renault,Megane,14584457.jpg,1458445701618d.png,2109 ZJ 35
2020-04-21,18:35:57,Renault,Megane,14584448.jpg,1458444821729e.png,132 BEZ 35
2020-04-21,18:35:12,Renault,Modus,14584443.jpg,145844433ed492.png,817 APP 35
2020-04-21,18:34:21,Renault,Clio,14584440.jpg,1458444061c893.png,772 ABF 35
2020-04-21,18:33:29,Renault,Clio,14584435.jpg,145844357cfd2b.png,416 AHE 35
2020-04-21,18:30:57,Renault,Vel,14584419.jpg,14584419e7a2fe.png,3746 TF 53
2020-04-21,18:30:04,Renault,Modus,14584413.jpg,14584413493434.png,8462 SY 53
2020-04-21,18:28:21,Renault,Modus,14584405.jpg,1458440570726b.png,311 ARD 35
2020-04-21,18:27:23,Renault,Modus,14584397.jpg,14584397a99aac.png,651 BEC 35
2020-04-21,17:56:01,BMW,X6,14584235.jpg,145842350c1a50.png,EN-940-KS
2020-04-21,17:48:07,Peugeot,208,14584184.jpg,14584184702812.png,EV-698-FV
2020-04-21,17:34:35,Peugeot,406,14584103.jpg,14584103c42101.png,AR-507-BJ
2020-04-21,17:33:43,Citroёn,C4,14584099.jpg,14584099061328.png,CC-978-BA
2020-04-21,17:07:23,Peugeot,406,14583968.jpg,145839681141f5.png,CY-870-BE
2020-04-21,17:06:26,Opel,Meriva,14583964.jpg,14583964a66e4a.png,4294 XN 26
2020-04-21,14:32:47,Maserati,GranTurismo,14583460.jpg,14583460644416.png,W-071-DQ
2020-04-21,14:06:53,FIAT,500,14583343.jpg,14583343a3acb8.png,DQ-387-RG
2020-04-21,12:44:13,MINI,Classic,14582985.jpg,145829850e0bf6.png,CX-347-BY
2020-04-21,11:38:52,Renault,Koleos,14582795.jpg,14582795f3f825.png,BT-966-YZ
2020-04-21,11:13:43,Toyota,Land,14582712.jpg,14582712556b46.png,AT-256-YX
2020-04-21,10:59:34,Citroёn,C5,14582638.jpg,145826387bd00d.png,BC-172-FF
2020-04-21,07:00:38,Volkswagen,Polo,14582210.jpg,1458221084a32f.png,EJ-802-TH
2020-04-21,05:06:22,License,plate,14582112.jpg,145821126ae701.png,211 BCC 67
2020-04-21,01:06:51,Volkswagen,Passat,14581923.jpg,145819238d45f0.png,FG-729-HK
2020-04-21,01:05:59,Peugeot,308,14581921.jpg,1458192150f93a.png,EA-174-WC
2020-04-21,00:50:02,BMW,5,14581888.jpg,14581888387901.png,FG-270-GW
2020-04-21,00:00:47,BMW,3,14581742.jpg,14581742378757.png,AM-010-QT
2020-04-20,23:09:45,Renault,Vel,14581500.jpg,14581500b7ecfa.png,AP-516-ME
2020-04-20,20:10:18,Peugeot,206,14580692.jpg,14580692ead4ac.png,AE-746-PB
2020-04-20,20:08:30,Citroёn,C4,14580684.jpg,14580684ab94c0.png,BK-776-EK
2020-04-20,19:20:55,Renault,Espace,14580526.jpg,14580526c5c80a.png,BR-735-KM
2020-04-20,19:16:55,Renault,Megane,14580512.jpg,145805125217b7.png,CZ-351-SW
2020-04-20,19:10:58,Renault,Espace,14580494.jpg,14580494594aa2.png,FA-500-MN
2020-04-20,19:09:55,Renault,Espace,14580490.jpg,14580490c85b09.png,FA-500-MN
2020-04-20,19:06:07,Renault,Twingo,14580483.jpg,1458048374a111.png,DL-493-TK
2020-04-20,19:04:34,Renault,Twingo,14580477.jpg,14580477bc2177.png,DL-493-TK
2020-04-20,19:03:08,Dacia,Sandero,14580474.jpg,14580474efec7a.png,DR-194-XY
2020-04-20,19:01:14,Dacia,Duster,14580467.jpg,145804677bd8b9.png,EY-584-GE
2020-04-20,18:49:59,Ferrari,Portofino,14580427.jpg,145804271a677e.png,EZ-020-AC
2020-04-20,18:47:21,Jaguar,E-Type,14580410.jpg,14580410bb0699.png,FK-556-QB
2020-04-20,18:46:24,Jaguar,E-Type,14580404.jpg,14580404ec27a8.png,FK-556-QB
2020-04-20,18:43:11,Mercedes-Benz,S-Klasse,14580380.jpg,14580380fd4d90.png,CD-620-VA
2020-04-20,18:39:30,MINI,Classic,14580357.jpg,14580357331332.png,DF-680-MM
2020-04-20,18:38:41,MINI,Classic,14580350.jpg,1458035016336b.png,DF-680-MM
2020-04-20,18:36:20,Citroёn,CX,14580334.jpg,1458033431be5e.png,DX-140-JS
2020-04-20,18:34:05,Citroёn,DS,14580320.jpg,14580320433911.png,EG-813-LW
2020-04-20,18:31:25,Aston,Martin,14580304.jpg,14580304f02914.png,307 BDK 75
2020-04-20,18:26:03,Bentley,Mulsanne,14580269.jpg,1458026986fe28.png,FH-140-GP
2020-04-20,17:46:51,Peugeot,106,14580084.jpg,14580084408255.png,CK-431-MW
2020-04-20,17:30:23,Peugeot,207,14580036.jpg,145800363513a5.png,EG-579-NQ
2020-04-20,17:25:57,Citroёn,Ami,14580012.jpg,14580012828188.png,CK-001-PD
2020-04-20,17:20:21,Renault,Kadjar,14579993.jpg,145799936b18e7.png,DX-808-RF
2020-04-20,17:04:10,Cadillac,Sixty,14579953.jpg,1457995367ffd6.png,22 LE 06
2020-04-20,16:59:49,Citroёn,Nemo,14579944.jpg,14579944c7b70d.png,CA-832-MQ
2020-04-20,16:59:34,Citroёn,Nemo,14579943.jpg,1457994319cdb7.png,CA-832-MQ
2020-04-20,16:45:22,Chrysler,300C,14579893.jpg,14579893f9b54a.png,AQ-249-JJ
2020-04-20,14:01:22,Alfa,Romeo,14579112.jpg,14579112d5adba.png,DR-946-WR
2020-04-20,13:46:53,Renault,Master,14579072.jpg,145790729e66fc.png,3625 ND 70
2020-04-20,11:08:22,BMW,3,14578552.jpg,14578552f1527b.png,BR-162-EW
2020-04-20,10:59:37,Peugeot,208,14578524.jpg,1457852434f76b.png,EV-555-ZX
2020-04-20,10:16:19,Peugeot,5008,14578437.jpg,145784372e2cae.png,EJ-970-GD
2020-04-19,23:36:41,,,14577726.jpg,14577726bc8681.png,DA-332-GL
2020-04-19,23:30:44,Renault,Fuego,14577701.jpg,1457770106fb63.png,8834 LN 93
2020-04-19,23:29:49,Renault,Fuego,14577696.jpg,14577696813038.png,8834 LN 93
2020-04-19,23:26:53,Peugeot,304,14577682.jpg,14577682589c43.png,CG-164-CB
2020-04-19,23:25:25,Opel,Kadett,14577674.jpg,145776745a54c0.png,984 RHK 75
2020-04-19,23:24:33,Opel,Kadett,14577668.jpg,14577668a60c49.png,984 RHK 75
2020-04-19,23:22:58,Peugeot,J7,14577660.jpg,14577660087377.png,851 AMH 93
2020-04-19,23:20:59,Peugeot,J7,14577654.jpg,1457765490a797.png,851 AMH 93
2020-04-19,23:18:13,Citroёn,C15,14577642.jpg,14577642ae2742.png,966 EKQ 95
2020-04-19,23:17:21,Citroёn,C15,14577638.jpg,145776383bb9a6.png,966 EKQ 95
2020-04-19,23:15:33,Mercedes-Benz,Sprinter,14577628.jpg,145776281b83b1.png,216 QQQ 75
2020-04-19,23:14:34,Mercedes-Benz,Sprinter,14577621.jpg,14577621849682.png,216 QQQ 75
2020-04-19,23:13:59,Volvo,S80,14577619.jpg,14577619a697fc.png,BD-531-GY
2020-04-19,23:12:57,Toyota,Hilux,14577613.jpg,145776138330f8.png,AF-940-QJ
2020-04-19,23:12:01,Toyota,Hilux,14577611.jpg,14577611645995.png,AF-940-QJ
2020-04-19,23:09:11,Volkswagen,LT,14577605.jpg,14577605ca4426.png,947 NVX 75
2020-04-19,23:07:47,Volkswagen,LT,14577597.jpg,14577597568ef9.png,947 NVX 75
2020-04-19,23:05:11,Volkswagen,LT,14577585.jpg,1457758587e5ce.png,BM-094-DK
2020-04-19,23:04:02,Volkswagen,LT,14577579.jpg,1457757984ac84.png,BM-094-DK
2020-04-19,23:02:00,Renault,Clio,14577566.jpg,14577566048378.png,ED-586-JE
2020-04-19,22:59:32,Peugeot,J9,14577558.jpg,14577558423cc8.png,876 LXW 75
2020-04-19,22:39:49,Chevrolet,Traverse,14577467.jpg,1457746729b1a3.png,WW-821-EQ
2020-04-19,22:35:30,Lada,(VAZ),14577455.jpg,1457745570c5aa.png,7049 QR 86
2020-04-19,22:10:31,Pontiac,Trans,14577269.jpg,145772696ac387.png,9474 WG 42
2020-04-19,21:31:34,Jeep,Cherokee,14576932.jpg,14576932b0c38a.png,DD-656-MP
2020-04-19,20:35:13,,,14576649.jpg,14576649bcf7e5.png,DG-175-VP
2020-04-19,20:32:53,,,14576631.jpg,145766315bf028.png,EE-137-RY
2020-04-19,20:19:47,Opel,Corsa,14576555.jpg,1457655517a607.png,EB-524-QV
2020-04-19,20:14:52,Lada,(VAZ),14576526.jpg,14576526e81082.png,107 CGT 31
2020-04-19,19:25:26,Ford,Cougar,14576315.jpg,14576315b99ee9.png,AJ-780-EV
2020-04-19,19:18:46,Bugatti,Veyron,14576289.jpg,1457628913c81b.png,BD-928-QB
2020-04-19,18:54:12,Citroёn,C4,14576145.jpg,145761458bd255.png,BK-803-XA
2020-04-19,18:25:28,Tesla,Model,14575923.jpg,145759238fdd0f.png,EE-936-CM
2020-04-19,18:05:17,Tesla,Model,14575772.jpg,145757720ee377.png,FM-056-HT
2020-04-19,17:48:29,Tesla,Model,14575693.jpg,145756937229ec.png,FH-055-EF
2020-04-19,17:44:48,Tesla,Model,14575679.jpg,145756794e8b0f.png,FH-454-FJ
2020-04-19,17:34:17,Chevrolet,Corvette,14575633.jpg,14575633fe85ca.png,EN-435-LE
2020-04-19,17:19:14,GMC,Savana,14575550.jpg,145755503a614b.png,CB-714-ED
2020-04-19,16:58:45,Jeep,Grand,14575452.jpg,14575452a6d776.png,WW-239-LY
2020-04-19,16:40:18,Lancia,Beta,14575347.jpg,1457534732c03e.png,DP-958-AN
2020-04-19,16:38:00,Dodge,Caliber,14575335.jpg,14575335ef3e6a.png,AC-768-YR
2020-04-19,16:26:16,BMW,3,14575257.jpg,145752574f6f6c.png,FF-822-WS
2020-04-19,16:20:50,Jeep,Cherokee,14575220.jpg,14575220dc312a.png,8112 SR 59
2020-04-19,16:20:04,Jeep,Cherokee,14575214.jpg,14575214554cd1.png,8112 SR 59
2020-04-19,15:56:00,Chrysler,Crossfire,14575102.jpg,14575102ef8c38.png,1337 XP 62
2020-04-19,15:43:37,Lancia,Beta,14575005.jpg,14575005c62699.png,DP-958-AN
2020-04-19,15:41:03,Tesla,Model,14574981.jpg,14574981f755b2.png,DS-098-GL
2020-04-19,15:21:22,Ford,Taunus,14574846.jpg,14574846b31099.png,FC-889-FG
2020-04-19,14:35:04,Lamborghini,Gallardo,14574599.jpg,14574599df23b6.png,BT-701-ZJ
2020-04-19,14:29:49,Lamborghini,Gallardo,14574565.jpg,145745659b483c.png,BT-701-ZJ
2020-04-19,14:06:03,Chevrolet,Pickup,14574454.jpg,14574454299600.png,CT-262-DW
2020-04-19,13:58:48,Chevrolet,Malibu,14574410.jpg,14574410ae32b0.png,BB-570-FX
2020-04-19,13:52:20,Chevrolet,Caprice,14574372.jpg,1457437222da95.png,518 KPL 75
2020-04-19,13:44:56,Cadillac,DeVille,14574329.jpg,14574329580add.png,CF-295-TB
2020-04-19,13:38:39,Plymouth,Road,14574301.jpg,14574301cbebab.png,CN-516-RT
2020-04-19,13:17:02,Chevrolet,Corvette,14574154.jpg,14574154e2337a.png,FD-753-JN
2020-04-19,13:04:48,HUMMER,H2,14574084.jpg,14574084cf5bbd.png,AW-572-LT
2020-04-19,13:02:25,Chevrolet,Impala,14574070.jpg,145740705c31ad.png,9984 WA 92
2020-04-19,13:00:17,Ford,Focus,14574061.jpg,14574061160aae.png,FG-936-LP
2020-04-19,12:57:17,Ford,Mustang,14574046.jpg,145740463e9ba8.png,EW-950-DC
2020-04-19,12:56:07,Ford,Mustang,14574037.jpg,145740376b1b1f.png,EW-950-DC
2020-04-19,12:55:33,Chevrolet,Camaro,14574036.jpg,145740369ea839.png,AG-184-NV
2020-04-19,12:55:05,Chevrolet,Camaro,14574031.jpg,14574031b9ef26.png,AG-184-NV
2020-04-19,12:51:07,Cadillac,DeVille,14574015.jpg,1457401567f3d7.png,3289 WF 80
2020-04-19,12:43:40,Chrysler,Fifth,14573985.jpg,14573985f6c55d.png,9897 VP 62
2020-04-19,12:37:02,Ford,Galaxie,14573944.jpg,14573944705e0b.png,AS-343-RT
2020-04-19,12:33:35,Renault,Clio,14573928.jpg,1457392831427d.png,ED-538-QB
2020-04-19,12:32:54,Ford,Mustang,14573922.jpg,14573922b5a1d5.png,EH-965-GR
2020-04-19,12:32:08,Renault,Clio,14573919.jpg,14573919668ca2.png,ED-538-QB
2020-04-19,12:28:56,Chrysler,Stratus,14573895.jpg,14573895bf1e6a.png,DN-984-CG
2020-04-19,12:22:36,Cadillac,Eldorado,14573866.jpg,14573866aa14e4.png,WW-250-QK
2020-04-19,12:19:10,Peugeot,607,14573848.jpg,14573848c07628.png,5134 ZW 14
2020-04-19,12:06:06,Citroёn,ZX,14573785.jpg,14573785cb1268.png,5061 WA 14
2020-04-19,11:10:53,Pontiac,Firebird,14573463.jpg,145734630affbe.png,640 EJQ 92
2020-04-19,10:47:36,Ford,Mustang,14573400.jpg,145734007f3a20.png,WW-258-HS
2020-04-19,10:38:13,Ford,Mustang,14573373.jpg,145733733f6778.png,ES-754-LY
2020-04-19,09:24:44,Mercedes-Benz,A-Klasse,14573165.jpg,14573165816a69.png,FB-147-TS
2020-04-19,09:20:13,Mercedes-Benz,C-Klasse,14573149.jpg,14573149763c72.png,FB-718-XF
2020-04-19,09:16:14,Mercedes-Benz,CLK-Klasse,14573136.jpg,1457313605fc1d.png,CJ-617-YG
2020-04-19,09:13:21,Mercedes-Benz,E-Klasse,14573129.jpg,145731292176a7.png,ED-020-KM
2020-04-19,00:47:53,Skoda,Favorit,14572317.jpg,14572317496b8c.png,198 BCE 57
2020-04-19,00:35:52,Chrysler,Stratus,14572259.jpg,145722599d328d.png,W-273-CM
2020-04-19,00:22:00,Citroёn,Mehari,14572156.jpg,1457215698478c.png,375 ADW 93
2020-04-18,23:47:25,Alfa,Romeo,14571855.jpg,145718550e684b.png,839 CBX 78
2020-04-18,23:40:53,License,plate,14571792.jpg,14571792783452.png,1872 VC 06
2020-04-18,21:21:30,Mercedes-Benz,A-Klasse,14570854.jpg,1457085415711a.png,419 YV 62
2020-04-18,21:05:42,Mercedes-Benz,A-Klasse,14570803.jpg,1457080311132f.png,1546 ZL 59
2020-04-18,21:03:11,Mercedes-Benz,Vito,14570776.jpg,145707760e023d.png,8308 RH 62
2020-04-18,21:00:52,Mercedes-Benz,E-Klasse,14570754.jpg,14570754e1ea36.png,9409 YG 62
2020-04-18,20:58:56,Mercedes-Benz,B-Klasse,14570737.jpg,14570737809713.png,9502 WT 62
2020-04-18,20:06:36,License,plate,14570359.jpg,145703599a25b4.png,687 DGP 77
2020-04-18,19:08:39,Mercedes-Benz,E-Klasse,14569981.jpg,1456998199548e.png,BF-235-JV
2020-04-18,19:01:53,Mercedes-Benz,M-Klasse,14569922.jpg,1456992256d86e.png,CV-103-TR
2020-04-18,18:21:27,Mercedes-Benz,C-Klasse,14569604.jpg,14569604654037.png,FP-788-BV
2020-04-18,18:04:45,Mazda,121,14569480.jpg,14569480883788.png,DP-104-LM
2020-04-18,17:38:53,Mercedes-Benz,M-Klasse,14569248.jpg,1456924809567a.png,EH-643-WP
2020-04-18,17:34:59,Mercedes-Benz,E-Klasse,14569217.jpg,14569217f2364b.png,DY-826-PJ
2020-04-18,17:31:50,Mercedes-Benz,SL-Klasse,14569196.jpg,145691968d2b8d.png,DV-914-KN
2020-04-18,17:25:26,Mercedes-Benz,E-Klasse,14569147.jpg,14569147a817cc.png,EA-815-DF
2020-04-18,17:23:35,Mercedes-Benz,CLK-Klasse,14569132.jpg,1456913250b09e.png,FM-531-CS
2020-04-18,17:01:19,Mercedes-Benz,CLA-Klasse,14568954.jpg,1456895472ad20.png,DS-441-ZT
2020-04-18,17:00:15,Mercedes-Benz,CLA-Klasse,14568947.jpg,14568947053abd.png,DS-441-ZT
2020-04-18,16:39:42,Mercedes-Benz,SL-Klasse,14568812.jpg,145688129e597d.png,FD-233-KT
2020-04-18,16:09:39,Jeep,Cherokee,14568558.jpg,14568558251f10.png,282 AKZ 973
2020-04-18,15:49:08,Porsche,911,14568370.jpg,145683709e1310.png,CR-297-YM
2020-04-18,15:41:56,Porsche,911,14568293.jpg,14568293d5d3f9.png,CR-297-YM
2020-04-18,15:40:48,Mercedes-Benz,E-Klasse,14568282.jpg,145682822415d1.png,EZ-328-QG
2020-04-18,15:35:32,Mercedes-Benz,C-Klasse,14568227.jpg,14568227a8233a.png,FL-991-DD
2020-04-18,15:32:46,Mercedes-Benz,C-Klasse,14568197.jpg,1456819783128b.png,EG-841-DF
2020-04-18,15:30:57,Mercedes-Benz,AMG,14568184.jpg,1456818410f6cd.png,FJ-505-AN
2020-04-18,15:29:01,Mercedes-Benz,AMG,14568165.jpg,14568165bfe53a.png,FJ-505-AN
2020-04-18,15:27:18,Mercedes-Benz,C-Klasse,14568150.jpg,145681506c183b.png,WW-029-DG
2020-04-18,15:24:53,Mercedes-Benz,C-Klasse,14568142.jpg,145681420b312b.png,WW-029-DG
2020-04-18,14:53:50,Mercedes-Benz,C-Klasse,14567983.jpg,14567983665aab.png,677 AQS 67
2020-04-18,14:48:24,Mercedes-Benz,E-Klasse,14567945.jpg,145679452fc1c6.png,9886 QW 68
2020-04-18,13:16:44,Mercedes-Benz,Citan,14567387.jpg,14567387de6ce3.png,CN-855-HK
2020-04-18,12:33:31,BMW,3,14567188.jpg,14567188748ac0.png,BR-162-EW
2020-04-18,12:31:42,Mercedes-Benz,SLK-Klasse,14567181.jpg,14567181f61de1.png,668 BZQ 59
2020-04-18,12:30:57,Mercedes-Benz,SLK-Klasse,14567175.jpg,14567175d2c64e.png,734 BSF 59
2020-04-18,12:30:24,Mercedes-Benz,SL-Klasse,14567170.jpg,145671702b6b9e.png,EL-466-FP
2020-04-18,12:27:01,Mercedes-Benz,C-Klasse,14567146.jpg,1456714643cc63.png,EZ-882-SH
2020-04-18,12:10:02,Mercedes-Benz,C-Klasse,14567063.jpg,145670634add80.png,5190 YX 59
2020-04-18,12:08:15,Mercedes-Benz,E-Klasse,14567057.jpg,14567057af553f.png,31 BMZ 59
2020-04-18,11:52:50,Mercedes-Benz,Actros,14566992.jpg,14566992c14317.png,CP-341-RH
2020-04-18,11:50:56,Mercedes-Benz,Actros,14566977.jpg,1456697748811c.png,EG-459-NG
2020-04-18,11:08:12,Mercedes-Benz,Axor,14566779.jpg,14566779bfa4da.png,CL-826-WJ
2020-04-18,11:06:00,Mercedes-Benz,Axor,14566769.jpg,14566769c5ac63.png,753 AHY 42
2020-04-18,10:48:43,Mercedes-Benz,C-Klasse,14566721.jpg,14566721de6a46.png,EC-282-EZ
2020-04-18,01:02:45,Mercedes-Benz,T2,14565922.jpg,1456592292bd1c.png,AQ-940-FM
2020-04-18,00:58:17,Mercedes-Benz,C-Klasse,14565912.jpg,14565912d71d3a.png,FD-491-HH
2020-04-18,00:54:19,Mercedes-Benz,E-Klasse,14565896.jpg,145658963e288b.png,BQ-611-SW
2020-04-18,00:52:04,Mercedes-Benz,C-Klasse,14565882.jpg,14565882ea35a1.png,AJ-933-EQ
2020-04-18,00:50:09,Mercedes-Benz,E-Klasse,14565871.jpg,14565871b332ae.png,EF-727-RA
2020-04-18,00:44:16,Mercedes-Benz,T2,14565842.jpg,145658427ac555.png,CE-877-BH
2020-04-18,00:42:44,Mercedes-Benz,E-Klasse,14565835.jpg,14565835de4c9a.png,272 ADJ 67
2020-04-18,00:38:03,Mercedes-Benz,GLC-Klasse,14565809.jpg,14565809238097.png,FJ-999-PF
2020-04-18,00:31:28,Mercedes-Benz,MB-series,14565749.jpg,14565749c146b0.png,3616 YP 68
2020-04-18,00:15:39,Mercedes-Benz,E-Klasse,14565624.jpg,145656248ae3df.png,BA-931-NV
2020-04-18,00:01:22,Mercedes-Benz,Sprinter,14565445.jpg,145654454e6bb3.png,DX-738-CV
2020-04-17,23:57:46,Mercedes-Benz,A-Klasse,14565381.jpg,145653814287c6.png,CW-545-TT
2020-04-17,23:56:18,Citroёn,C5,14565371.jpg,145653714373ca.png,BH-591-JD
2020-04-17,23:17:57,Ford,Focus,14565187.jpg,14565187416456.png,FG-198-QW
2020-04-17,23:10:54,SEAT,Exeo,14565159.jpg,145651599fefca.png,BN-262-BS
2020-04-17,23:08:06,DAF,XF,14565145.jpg,14565145197166.png,ET-916-VD
2020-04-17,22:49:54,Citroёn,C15,14564993.jpg,14564993ef8a15.png,CZ-462-JT
2020-04-17,21:58:34,Renault,T-series,14564641.jpg,145646418a29a9.png,EH-582-PJ
2020-04-17,21:54:57,License,plate,14564619.jpg,14564619af0c84.png,2770 RS 19
2020-04-17,21:52:28,Renault,Kerax,14564603.jpg,14564603127c49.png,DE-775-JS
2020-04-17,21:40:20,Opel,Agila,14564520.jpg,14564520e054d8.png,CN-782-HP
2020-04-17,21:05:10,Renault,C-series,14564371.jpg,14564371798eee.png,FD-023-EC
2020-04-17,20:17:42,Renault,16,14564043.jpg,14564043713613.png,3891 WP 75
2020-04-17,20:16:45,Renault,16,14564037.jpg,1456403738c82f.png,3891 WP 75
2020-04-17,20:13:24,Chevrolet,Camaro,14564009.jpg,14564009f91ed3.png,WW-422-EJ
2020-04-17,20:12:33,Chevrolet,Camaro,14564001.jpg,145640014c2505.png,WW-422-EJ
2020-04-17,20:09:02,Ferrari,400i,14563972.jpg,145639727dba81.png,7154 SL 71
2020-04-17,20:07:52,Aston,Martin,14563964.jpg,14563964313668.png,EH-905-HS
2020-04-17,20:06:30,Maserati,Ghibli,14563956.jpg,1456395618e923.png,213 PPD 75
2020-04-17,20:05:28,Jaguar,E-Type,14563951.jpg,14563951e6f02e.png,CA-047-HW
2020-04-17,20:04:39,Jaguar,E-Type,14563945.jpg,145639456a9e35.png,CA-047-HW
2020-04-17,20:02:53,Bentley,S1/S2/S3,14563934.jpg,14563934eb4c2f.png,DJ-652-GB
2020-04-17,19:53:49,Porsche,928,14563883.jpg,14563883601551.png,W-997-HV
2020-04-17,19:52:19,Cadillac,Fleetwood,14563872.jpg,14563872ad1720.png,6275 JF 69
2020-04-17,19:51:04,Cadillac,Fleetwood,14563863.jpg,145638633c36c6.png,6275 JF 69
2020-04-17,19:48:54,FIAT,850,14563850.jpg,145638501bca0b.png,FF-389-HG
2020-04-17,19:46:56,FIAT,850,14563834.jpg,14563834802f13.png,FF-389-HG
2020-04-17,19:45:08,Alfa,Romeo,14563820.jpg,14563820353944.png,9044 KM 32
2020-04-17,19:44:19,Alfa,Romeo,14563813.jpg,145638139973a1.png,9044 KM 32
2020-04-17,19:42:42,FIAT,500,14563801.jpg,14563801b6c6b0.png,EY-759-JV
2020-04-17,19:41:53,FIAT,500,14563796.jpg,14563796fdcd52.png,EY-759-JV
2020-04-17,18:28:31,Porsche,911,14563401.jpg,1456340122192a.png,BK-380-ER
2020-04-17,18:27:32,Peugeot,504,14563397.jpg,14563397b3581f.png,711 RNV 75
2020-04-17,18:26:31,Jaguar,XJS,14563394.jpg,1456339466db1a.png,EC-230-DM
2020-04-17,18:25:54,Jaguar,XJS,14563390.jpg,14563390cc9d20.png,EC-230-DM
2020-04-17,18:24:20,Jaguar,XJS,14563384.jpg,14563384d20653.png,DL-858-FH
2020-04-17,18:23:53,Jaguar,XJS,14563382.jpg,14563382cc3a75.png,DL-858-FH
2020-04-17,18:22:56,Porsche,911,14563379.jpg,145633797a3661.png,EE-662-BD
2020-04-17,18:21:21,Bentley,Continental,14563371.jpg,1456337143d5c7.png,CK-005-MX
2020-04-17,18:20:23,Bentley,Continental,14563364.jpg,14563364d532b5.png,CK-005-MX
2020-04-17,18:17:06,Porsche,911,14563337.jpg,1456333707b245.png,CV-706-NL
2020-04-17,18:15:53,Porsche,911,14563327.jpg,14563327215cb4.png,CV-706-NL
2020-04-17,18:14:56,Volkswagen,Beetle,14563321.jpg,145633211ead0d.png,3372 BL 33
2020-04-17,18:14:21,Volvo,140-series,14563318.jpg,14563318e92424.png,DJ-526-XP
2020-04-17,18:12:56,Porsche,911,14563305.jpg,14563305f66ffe.png,CJ-069-NH
2020-04-17,18:11:41,Volkswagen,Beetle,14563295.jpg,1456329579039d.png,3372 BL 33
2020-04-17,18:11:20,Porsche,911,14563292.jpg,14563292e3c10d.png,ER-292-WH
2020-04-17,18:10:31,Ferrari,456,14563286.jpg,145632869a7f45.png,AA-839-PQ
2020-04-17,18:10:30,Volkswagen,Transporter,14563285.jpg,14563285dd7c1d.png,AS-195-LK
2020-04-17,18:09:48,Aston,Martin,14563279.jpg,14563279c70add.png,BP-821-BA
2020-04-17,18:08:55,Dacia,Duster,14563272.jpg,14563272890629.png,FF-374-RY (10/19)
2020-04-17,18:08:33,Porsche,911,14563267.jpg,145632671004b7.png,WW-195-RR
2020-04-17,18:07:44,Mercedes-Benz,Vario,14563259.jpg,14563259a07b69.png,CW-565-RX
2020-04-17,18:06:24,Mercedes-Benz,SL-Klasse,14563248.jpg,14563248da0fed.png,EX-972-NE
2020-04-17,18:05:44,Mercedes-Benz,SL-Klasse,14563241.jpg,14563241a837da.png,EX-972-NE
2020-04-17,18:04:08,Alfa,Romeo,14563229.jpg,14563229c17d8e.png,EA-089-XJ
2020-04-17,18:03:33,Alfa,Romeo,14563221.jpg,14563221d4378f.png,EA-089-XJ
2020-04-17,18:03:06,Peugeot,508,14563216.jpg,14563216911650.png,EA-882-NK
2020-04-17,18:01:57,Porsche,911,14563206.jpg,1456320698cbf3.png,DW-370-WX
2020-04-17,18:01:00,Porsche,911,14563200.jpg,145632001932a5.png,DW-370-WX
2020-04-17,17:59:41,Porsche,912,14563189.jpg,145631893d1689.png,BJ-928-AN
2020-04-17,17:40:14,Dacia,Duster,14563080.jpg,14563080ab1dbd.png,BL-188-AY
2020-04-17,17:26:12,Citroёn,Xsara,14563047.jpg,145630473b31f6.png,FH-921-YQ
2020-04-17,16:31:17,Alfa,Romeo,14562860.jpg,14562860f25226.png,AA-235-HR
2020-04-17,16:29:48,Porsche,911,14562854.jpg,145628546d69f6.png,DA-417-NH
2020-04-17,16:11:55,FIAT,Scudo,14562777.jpg,145627770f57c4.png,773 RBT 75
2020-04-17,16:05:12,Renault,Twingo,14562720.jpg,145627207a8409.png,6176 YG 62
2020-04-17,16:01:42,Citroёn,Xsara,14562703.jpg,145627038f8bb6.png,118 AWP 59
2020-04-17,16:00:51,Citroёn,Xsara,14562697.jpg,1456269772d428.png,118 AWP 59
2020-04-17,16:00:05,Renault,Kangoo,14562693.jpg,14562693c3d124.png,4585 XB 80
2020-04-17,15:55:00,Citroёn,Xsara,14562676.jpg,14562676f518ee.png,195 AZL 59
2020-04-17,15:54:13,Citroёn,Xsara,14562673.jpg,145626735222ed.png,195 AZL 59
2020-04-17,15:53:45,Mercedes-Benz,C-Klasse,14562671.jpg,14562671f44d66.png,7054 WG 62
2020-04-17,15:52:57,Renault,Trafic,14562669.jpg,14562669b98a07.png,431 CRJ 59
2020-04-17,15:51:59,Citroёn,Xsara,14562663.jpg,14562663c5b770.png,134 BHW 57
2020-04-17,15:45:38,Citroёn,Grand,14562625.jpg,14562625e59d51.png,935 AGY 76
2020-04-17,15:44:17,Citroёn,Grand,14562620.jpg,145626207b21ba.png,935 AGY 76
2020-04-17,15:37:51,Citroёn,C4,14562585.jpg,1456258508ac95.png,7273 XM 80
2020-04-17,15:37:15,Citroёn,Xsara,14562583.jpg,14562583617a54.png,8330 VA 62
2020-04-17,15:36:42,Volkswagen,Passat,14562580.jpg,1456258033bee8.png,2822 ZM 35
2020-04-17,15:36:08,Peugeot,206,14562576.jpg,1456257641a2a3.png,8131 YF 62
2020-04-17,15:35:34,Volkswagen,Golf,14562572.jpg,1456257258affd.png,1280 XZ 62
2020-04-17,15:34:44,Peugeot,206,14562568.jpg,14562568888c62.png,7104 XG 62
2020-04-17,15:34:12,Volkswagen,Golf,14562564.jpg,145625646def98.png,4838 QM 62
2020-04-17,15:33:32,Volkswagen,Golf,14562561.jpg,14562561f29d5f.png,4838 QM 62
2020-04-17,15:31:24,Peugeot,307,14562552.jpg,1456255223f9ec.png,8566 YL 62
2020-04-17,15:30:15,Citroёn,C4,14562546.jpg,14562546332447.png,897 XG 62
2020-04-17,15:29:34,Renault,Master,14562543.jpg,14562543aa09fe.png,FD-924-GD
2020-04-17,15:28:14,Citroёn,ZX,14562530.jpg,14562530ab0083.png,AG-236-NL
2020-04-17,15:25:51,Citroёn,C3,14562514.jpg,14562514f778f7.png,625 XT 62
2020-04-17,15:25:24,Citroёn,C3,14562510.jpg,145625100dd1fe.png,625 XT 62
2020-04-17,15:24:17,Volkswagen,Polo,14562505.jpg,145625059ef169.png,6626 YQ 62
2020-04-17,15:23:27,Citroёn,C3,14562501.jpg,145625011c0f70.png,4796 WX 62
2020-04-17,15:22:46,Mazda,5,14562499.jpg,1456249989a29f.png,331 RP 40
2020-04-17,15:21:34,Mazda,5,14562490.jpg,14562490283e72.png,331 RP 40
2020-04-17,10:27:16,Dacia,Duster,14561479.jpg,145614790c0b1f.png,FH-470-XF
2020-04-17,06:22:30,Bugatti,Type,14561182.jpg,14561182e3bf5f.png,416 EB 67
2020-04-17,04:16:18,,,14561118.jpg,14561118045dd7.png,AN-278-HW
2020-04-17,01:47:11,License,plate,14561005.jpg,14561005b8e35c.png,145 YC 63
2020-04-17,00:54:38,Volkswagen,Golf,14560879.jpg,145608792b4eb2.png,598 AAH 67
2020-04-17,00:38:45,Citroёn,C25,14560812.jpg,14560812ec1a33.png,CZ-752-MG
2020-04-17,00:37:55,Peugeot,3008,14560808.jpg,14560808f7b3f8.png,BN-445-YT
2020-04-17,00:35:19,Renault,Twingo,14560792.jpg,14560792bde34d.png,CT-705-ZD
2020-04-17,00:32:34,Dacia,Duster,14560777.jpg,145607774bdb2c.png,DM-036-FN
2020-04-17,00:30:22,Peugeot,206+,14560768.jpg,14560768e8f1ca.png,AE-953-WC
2020-04-17,00:28:36,Peugeot,206,14560757.jpg,145607576d9172.png,FM-993-AQ
2020-04-17,00:26:55,Peugeot,208,14560750.jpg,14560750c5be38.png,FM-678-HF
2020-04-17,00:22:09,Audi,A3,14560733.jpg,145607331795da.png,EQ-406-PF
2020-04-17,00:18:51,Audi,A4,14560720.jpg,14560720e30cba.png,AT-742-BP
2020-04-17,00:17:03,SEAT,Leon,14560710.jpg,14560710cc73ba.png,CX-548-GF
2020-04-17,00:14:07,SEAT,Ibiza,14560699.jpg,14560699ecdcc9.png,FC-794-WP
2020-04-16,23:55:38,Ferrari,F430,14560620.jpg,145606206293af.png,BT-062-YX
2020-04-16,23:51:51,Ferrari,458,14560601.jpg,14560601dc9424.png,CV-236-RT
2020-04-16,23:47:40,Ferrari,F430,14560580.jpg,145605805e7a9d.png,CE-588-HL
2020-04-16,23:43:20,Renault,Trafic,14560559.jpg,145605597a7769.png,BG-859-FT
2020-04-16,23:42:00,Ferrari,Superamerica,14560556.jpg,1456055698c473.png,899 AMY 13
2020-04-16,23:37:53,Ferrari,360,14560528.jpg,145605283bebda.png,BQ-563-HM
2020-04-16,23:26:30,Mega,Track,14560474.jpg,145604746453a7.png,2665 W 73
2020-04-16,23:25:55,Mega,Track,14560472.jpg,145604722382c4.png,2665 W 73
2020-04-16,23:23:34,Renault,Twingo,14560462.jpg,14560462042ec4.png,9184 YA 62
2020-04-16,23:22:10,Opel,Astra,14560451.jpg,145604511b0b63.png,3989 SX 62
2020-04-16,23:21:25,Peugeot,307,14560444.jpg,14560444bd1b38.png,9870 XP 62
2020-04-16,23:20:07,Citroёn,C3,14560435.jpg,14560435f7b64d.png,1456 VS 62
2020-04-16,23:19:35,Peugeot,307,14560433.jpg,14560433e1540e.png,4306 XF 62
2020-04-16,23:18:50,Renault,Kangoo,14560430.jpg,145604309b7e03.png,5834 WS 80
2020-04-16,23:13:11,Renault,Megane,14560410.jpg,14560410e128e1.png,893 EVW 78
2020-04-16,23:11:45,Renault,Megane,14560403.jpg,145604030de08f.png,893 EVW 78
2020-04-16,23:10:45,Peugeot,407,14560396.jpg,14560396572977.png,260 DKQ 59
2020-04-16,23:10:15,Peugeot,407,14560393.jpg,14560393877c1a.png,260 DKQ 59
2020-04-16,23:06:14,Citroёn,C4,14560379.jpg,1456037959de90.png,690 DYQ 95
2020-04-16,23:01:14,Ford,Mondeo,14560356.jpg,14560356fd6e37.png,1955 WA 62
2020-04-16,23:00:13,Citroёn,C4,14560352.jpg,1456035218d4ea.png,690 DYQ 95
2020-04-16,22:58:33,Renault,Megane,14560347.jpg,14560347c3fea3.png,5120 XG 25
2020-04-16,22:57:21,Renault,Kangoo,14560344.jpg,14560344ece36c.png,6562 WP 62
2020-04-16,22:56:16,Caravans,International,14560342.jpg,145603420cc8c1.png,1027 XZ 02
2020-04-16,22:53:34,Citroёn,C3,14560332.jpg,145603326e0f07.png,9438 YA 62
2020-04-16,22:52:34,Peugeot,106,14560329.jpg,145603299b912d.png,6358 SZ 62
2020-04-16,22:51:35,Citroёn,C5,14560326.jpg,1456032659d519.png,752 YQ 76
2020-04-16,22:50:05,Mercedes-Benz,E-Klasse,14560319.jpg,14560319a01ed3.png,804 CRE 59
2020-04-16,22:38:10,Roller,Team,14560277.jpg,14560277b9f481.png,62 AQA 44
2020-04-16,22:36:30,Renault,Megane,14560272.jpg,1456027289805b.png,4134 TP 62
2020-04-16,22:33:44,Volvo,XC60,14560258.jpg,1456025846cab3.png,AB-312-YX
2020-04-16,22:31:56,Volkswagen,Golf,14560246.jpg,145602463db745.png,9148 WE 62
2020-04-16,22:30:23,Citroёn,Berlingo,14560235.jpg,14560235541b12.png,8466 YF 62
2020-04-16,22:29:20,Suzuki,Alto,14560224.jpg,14560224583d80.png,5079 VS 62
2020-04-16,22:28:19,Ford,Fusion,14560217.jpg,145602174c40b4.png,6038 XJ 62
2020-04-16,22:27:35,Ford,Fusion,14560211.jpg,14560211d3927b.png,6038 XJ 62
2020-04-16,22:17:37,Audi,A1,14560147.jpg,1456014754801d.png,BE-196-HZ
2020-04-16,22:17:04,MINI,Classic,14560143.jpg,145601431b4eee.png,391 FVC 92
2020-04-16,22:16:28,Volvo,P1800,14560141.jpg,145601417cc061.png,BN-986-YZ
2020-04-16,22:15:54,Porsche,Panamera,14560138.jpg,14560138f60ea5.png,DH-296-BG
2020-04-16,22:15:28,Porsche,Panamera,14560132.jpg,14560132a1259b.png,DH-296-BG
2020-04-16,22:15:27,Renault,Scenic,14560131.jpg,14560131470c09.png,4566 SZ 62
2020-04-16,22:14:38,Audi,SQ5,14560123.jpg,14560123997de9.png,DX-246-PS
2020-04-16,22:13:43,Renault,Twingo,14560113.jpg,145601131db2e7.png,7021 QR 62
2020-04-16,22:13:31,Lancia,Thema,14560110.jpg,145601104babf8.png,BX-898-AL
2020-04-16,22:13:10,Lancia,Thema,14560107.jpg,1456010740848a.png,BX-898-AL
2020-04-16,22:12:46,BMW,X6M,14560105.jpg,1456010527aef9.png,DH-032-HR
2020-04-16,22:12:18,BMW,X6M,14560103.jpg,14560103e4fa10.png,DH-032-HR
2020-04-16,22:12:01,Audi,SQ5,14560101.jpg,1456010110f086.png,DR-940-DX
2020-04-16,22:11:36,Renault,Twingo,14560097.jpg,14560097a6056d.png,7021 QR 62
2020-04-16,22:11:32,Audi,SQ5,14560095.jpg,14560095b571a4.png,DR-940-DX
2020-04-16,22:10:37,Mercedes-Benz,SL-Klasse,14560088.jpg,145600882731cf.png,CZ-172-EL
2020-04-16,22:09:50,Jaguar,Mark-series,14560084.jpg,14560084248055.png,CJ-443-AZ
2020-04-16,22:08:58,Peugeot,RCZ,14560079.jpg,145600798d397a.png,DS-998-PN
2020-04-16,22:08:26,Bentley,Continental,14560076.jpg,14560076fdb8d9.png,DL-776-NC
2020-04-16,22:07:19,Citroёn,SM,14560069.jpg,145600691af2a9.png,DS-471-KZ
2020-04-16,22:07:17,Skoda,Fabia,14560068.jpg,145600687f29ee.png,7360 WK 62
2020-04-16,22:06:01,Citroёn,SM,14560053.jpg,145600532ded95.png,DS-471-KZ
2020-04-16,22:05:06,Chatenet,CH26,14560046.jpg,14560046e609db.png,DB-028-DD
2020-04-16,22:04:31,Renault,Clio,14560042.jpg,14560042ffa16a.png,9728 WN 62
2020-04-16,22:03:44,Renault,Clio,14560039.jpg,14560039ac4565.png,9728 WN 62
2020-04-16,22:03:01,Abarth,Grande,14560033.jpg,1456003330a040.png,CK-172-GP
2020-04-16,22:01:39,Volkswagen,Golf,14560020.jpg,14560020418419.png,DF-147-CK
2020-04-16,22:01:01,Volkswagen,Golf,14560014.jpg,1456001480f589.png,DF-147-CK
2020-04-16,21:59:38,MINI,Classic,14560003.jpg,14560003458025.png,856 NCP 75
2020-04-16,21:58:49,Mercedes-Benz,CLA-Klasse,14559992.jpg,145599920a369c.png,DT-631-SY
2020-04-16,21:58:25,Smart,ForTwo,14559988.jpg,145599885687d4.png,AV-472-VK
2020-04-16,21:57:44,Renault,Wind,14559982.jpg,145599825fbbc4.png,BJ-598-JL
2020-04-16,21:56:13,Smart,ForTwo,14559971.jpg,145599718988ef.png,AV-472-VK
2020-04-16,21:55:36,Abarth,500/595/695,14559961.jpg,1455996145764c.png,CZ-333-XL
2020-04-16,21:55:18,Citroёn,2CV,14559957.jpg,14559957d4f41e.png,CY-287-BB
2020-04-16,21:53:20,Land,Rover,14559944.jpg,145599444a5c0a.png,CW-590-KA
2020-04-16,21:52:43,Citroёn,2CV,14559938.jpg,145599382d376e.png,CY-287-BB
2020-04-16,21:52:03,FIAT,500,14559932.jpg,14559932b3a140.png,BP-886-HJ
2020-04-16,21:51:37,Ford,Mustang,14559928.jpg,145599285e3d8d.png,AL-469-QH
2020-04-16,21:51:12,Lexus,IS,14559923.jpg,14559923e8f631.png,DR-673-TK
2020-04-16,21:50:48,Mercedes-Benz,A-Klasse,14559920.jpg,14559920835eda.png,CW-989-WP
2020-04-16,21:50:14,MINI,Classic,14559918.jpg,145599181b015e.png,626 CNJ 92
2020-04-16,21:49:10,Ford,Mustang,14559911.jpg,1455991139b3db.png,AL-469-QH
2020-04-16,21:48:21,Lexus,IS,14559903.jpg,14559903acc5bb.png,DR-673-TK
2020-04-16,21:46:54,MINI,Clubman,14559893.jpg,145598930919c1.png,DW-956-SP
2020-04-16,21:45:35,Mercedes-Benz,C-Klasse,14559883.jpg,145598834f8e7a.png,BL-842-KW
2020-04-16,21:44:33,Audi,S3,14559869.jpg,1455986927c368.png,CZ-869-FJ
2020-04-16,21:44:12,Chevrolet,Corvette,14559866.jpg,14559866736d34.png,BF-555-AS
2020-04-16,21:43:30,Renault,Scenic,14559863.jpg,1455986342a123.png,AW-458-ZS
2020-04-16,21:41:14,Ford,Torino,14559843.jpg,14559843cf81e7.png,5919 PK 92
2020-04-16,21:39:04,Chevrolet,Corvette,14559819.jpg,14559819f59621.png,BF-555-AS
2020-04-16,21:38:38,Tesla,Model,14559812.jpg,145598120eefa2.png,DV-748-AZ
2020-04-16,21:04:52,FIAT,500,14559602.jpg,1455960251d2fa.png,EP-616-PY
2020-04-16,20:12:10,Itineo,Gamme,14559195.jpg,145591955f3311.png,CR-607-GR
2020-04-16,19:37:35,Itineo,Gamme,14559023.jpg,145590230acff5.png,CR-607-GR
2020-04-16,18:32:50,Suzuki,Vitara,14558598.jpg,14558598a4ee0f.png,DZ-943-JR
2020-04-16,18:22:33,Rover,75,14558532.jpg,14558532f9fdcb.png,EV-056-XR
2020-04-16,18:17:36,Ford,Focus,14558494.jpg,14558494b73811.png,EX-130-EG
2020-04-16,18:15:53,Ford,Focus,14558475.jpg,14558475bb7026.png,EX-130-EG
2020-04-16,18:09:08,Peugeot,205,14558422.jpg,1455842225f9c0.png,6785 VH 25
2020-04-16,18:07:38,Peugeot,205,14558409.jpg,1455840945893e.png,5182 VS 25
2020-04-16,18:05:52,Citroёn,Saxo,14558395.jpg,14558395de2d5b.png,DC-590-ZY
2020-04-16,18:03:38,Ferrari,California,14558378.jpg,14558378d8a8a0.png,DR-341-JT
2020-04-16,18:01:53,Peugeot,106,14558361.jpg,14558361bfe955.png,CE-836-YA
2020-04-16,17:51:32,Peugeot,807,14558270.jpg,14558270fa02f8.png,BM-980-SK
2020-04-16,17:41:21,Peugeot,3008,14558201.jpg,14558201883d2f.png,EM-356-DA
2020-04-16,17:19:42,BMW,5,14558103.jpg,14558103a8767d.png,BG-266-XM
2020-04-16,17:02:28,Renault,Clio,14558053.jpg,145580539efe8c.png,2861 VC 88
2020-04-16,15:47:05,Renault,20,14557619.jpg,145576197e4b41.png,187 QTS 75
2020-04-16,15:34:48,Ferrari,360,14557563.jpg,1455756385756b.png,DX-338-LA
2020-04-16,11:02:54,Ferrari,F40,14556710.jpg,145567101e2f7e.png,EG-565-WW
2020-04-16,10:59:48,Ferrari,488,14556695.jpg,14556695afeb5e.png,EP-813-CW
2020-04-16,10:26:20,Ferrari,GTC4,14556557.jpg,14556557294418.png,EP-558-VT
2020-04-16,09:21:55,Smart,Roadster,14556450.jpg,14556450c679be.png,BR-062-JT
2020-04-16,07:53:06,BMW,3,14556263.jpg,1455626324afda.png,BK-162-WX
2020-04-16,07:50:54,Peugeot,106,14556256.jpg,14556256299f3e.png,AR-448-VE
2020-04-16,07:48:55,Peugeot,3008,14556251.jpg,145562516fcd7b.png,CE-153-ND
2020-04-16,03:30:40,Ford,Mustang,14555993.jpg,14555993c0824c.png,AF-123-FD
2020-04-16,03:30:06,Ford,Mustang,14555992.jpg,145559924f8592.png,AF-123-FD
2020-04-16,03:27:57,Ford,Mustang,14555987.jpg,145559879989b3.png,76 BJP 59
2020-04-16,03:27:18,Ford,Mustang,14555982.jpg,1455598239c9df.png,76 BJP 59
2020-04-16,03:25:46,Ford,Mustang,14555977.jpg,145559774a213b.png,734 CAL 59
2020-04-16,01:33:39,Santana,PS10,14555737.jpg,14555737559cfe.png,BD-538-RP
2020-04-16,00:34:53,Mercedes-Benz,S-Klasse,14555618.jpg,1455561869621b.png,EQ-958-SJ
2020-04-16,00:33:02,Bentley,Continental,14555608.jpg,14555608c700c8.png,FJ-429-AZ
2020-04-16,00:32:09,Rolls-Royce,Phantom,14555605.jpg,14555605962315.png,EY-447-JG
2020-04-16,00:31:13,Bentley,Mulsanne,14555598.jpg,14555598fdb568.png,FA-020-WZ
2020-04-16,00:30:07,Bentley,Bentayga,14555592.jpg,145555922980dc.png,EV-488-FQ
2020-04-16,00:29:06,Daimler,Sovereign,14555586.jpg,145555864e8cc6.png,2879 KH 46
2020-04-16,00:27:17,Rolls-Royce,Phantom,14555579.jpg,145555794298a8.png,WW-016-DA
2020-04-16,00:26:26,Rolls-Royce,Phantom,14555575.jpg,14555575368a46.png,WW-016-DA
2020-04-16,00:25:36,Bentley,Continental,14555570.jpg,145555703cd2f9.png,DN-605-QQ
2020-04-16,00:24:46,Audi,R8,14555567.jpg,14555567fe92a8.png,DW-418-TH
2020-04-16,00:23:42,Audi,R8,14555564.jpg,14555564bb671c.png,DW-418-TH
2020-04-16,00:22:16,Ferrari,F430,14555557.jpg,14555557f6dcca.png,BW-850-YX
2020-04-16,00:21:05,Triumph,Spitfire,14555554.jpg,14555554634357.png,BC-433-YM
2020-04-16,00:19:47,Maserati,GranTurismo,14555549.jpg,1455554927d237.png,DH-641-VK
2020-04-16,00:18:51,Porsche,911,14555547.jpg,145555476622cf.png,EY-896-KS
2020-04-16,00:17:35,Aston,Martin,14555544.jpg,145555445f2b01.png,W-997-HV
2020-04-16,00:14:03,Rolls-Royce,Corniche,14555533.jpg,1455553328c54c.png,760 HZN 75
2020-04-16,00:13:07,Rolls-Royce,Corniche,14555530.jpg,145555308ac76d.png,760 HZN 75
2020-04-16,00:11:59,Peugeot,504,14555527.jpg,145555275a0ac6.png,833 QED 75
2020-04-16,00:11:15,Peugeot,504,14555525.jpg,14555525142025.png,833 QED 75
2020-04-16,00:08:28,MG,B,14555509.jpg,14555509eae65d.png,CF-267-LV
2020-04-16,00:06:42,Ferrari,California,14555502.jpg,145555023cd51a.png,AE-756-GW
2020-04-16,00:05:36,Simca,,14555493.jpg,14555493d30adc.png,534 ADP 91
2020-04-16,00:04:17,Lamborghini,Gallardo,14555485.jpg,14555485efcbdb.png,AS-704-ME
2020-04-16,00:03:33,Ferrari,612,14555483.jpg,14555483c051f3.png,WW-880-RZ
2020-04-16,00:03:30,Toyota,Prius,14555482.jpg,14555482ede185.png,DZ-357-FK
2020-04-16,00:02:13,Porsche,911,14555476.jpg,14555476294812.png,BM-375-NR
2020-04-16,00:00:58,Porsche,911,14555470.jpg,14555470c7b5c4.png,CH-065-ZE
2020-04-15,23:59:17,Mercedes-Benz,SL-Klasse,14555463.jpg,14555463c326c1.png,ER-469-NM
2020-04-15,23:56:41,Ferrari,F355,14555457.jpg,14555457952558.png,AD-695-NF
2020-04-15,23:55:27,Ferrari,F355,14555453.jpg,145554538a122f.png,AD-695-NF
2020-04-15,23:27:20,Citroёn,350-850,14555312.jpg,145553129d162b.png,BV-985-VW
2020-04-15,23:17:59,Renault,Megane,14555272.jpg,1455527290d814.png,ES-187-TR
2020-04-15,23:09:56,Ferrari,458,14555237.jpg,1455523752ae49.png,DG-428-BC
2020-04-15,22:47:51,Audi,A1,14555115.jpg,145551150cd77e.png,EE-966-MK
2020-04-15,21:53:26,Santana,PS10,14554728.jpg,1455472863bdc1.png,BD-538-RP
2020-04-15,21:31:57,Peugeot,307,14554574.jpg,145545749634da.png,DR-498-WT
2020-04-15,21:22:51,Peugeot,306,14554530.jpg,14554530f09d39.png,EF-895-CH
2020-04-15,20:59:58,Renault,Wind,14554434.jpg,145544347100f1.png,BQ-065-QB
2020-04-15,20:56:22,Audi,SQ5,14554423.jpg,1455442315bca9.png,WW-016-JC
2020-04-15,20:47:19,,,14554381.jpg,14554381fe9a9b.png,CX-643-PC
2020-04-15,20:40:16,Peugeot,206,14554327.jpg,145543270431c9.png,9261 XX 62
2020-04-15,20:26:56,Peugeot,206,14554267.jpg,1455426777d105.png,9261 XX 62
2020-04-15,20:24:19,Citroёn,C3,14554258.jpg,145542581168f9.png,6768 VM 62
2020-04-15,20:23:36,Citroёn,C3,14554254.jpg,1455425481459c.png,6768 VM 62
2020-04-15,20:19:05,Peugeot,206,14554239.jpg,14554239f68873.png,4865 VP 62
2020-04-15,20:16:32,Peugeot,206,14554224.jpg,145542241aab85.png,4865 VP 62
2020-04-15,20:14:14,Renault,Laguna,14554216.jpg,1455421665f472.png,3171 TB 62
2020-04-15,20:10:19,Renault,Laguna,14554202.jpg,14554202bc5f0e.png,3171 TB 62
2020-04-15,19:22:53,Renault,Master,14554030.jpg,14554030178116.png,EN-400-AX
2020-04-15,19:15:53,Peugeot,2008,14554005.jpg,145540058a19e8.png,EG-434-KX
2020-04-15,19:01:51,Peugeot,2008,14553926.jpg,145539266ee26e.png,DJ-505-YR
2020-04-15,18:44:22,Peugeot,208,14553843.jpg,1455384373442b.png,FN-128-JA
2020-04-15,18:33:15,Dacia,Sandero,14553778.jpg,14553778377cc1.png,EL-081-CJ
2020-04-15,18:21:01,Dacia,Duster,14553725.jpg,14553725797fff.png,FB-023-MB
2020-04-15,18:15:05,Peugeot,508,14553706.jpg,14553706c30419.png,CX-643-PC
2020-04-15,18:11:37,BMW,5,14553685.jpg,1455368547d0cf.png,ES-287-MF
2020-04-15,17:55:16,Dacia,Duster,14553599.jpg,14553599932d8a.png,FK-907-BL
2020-04-15,17:43:42,Dacia,Duster,14553538.jpg,14553538f907da.png,FK-703-EZ
2020-04-15,14:27:54,Mercedes-Benz,S-Klasse,14552814.jpg,14552814361396.png,676 AFJ 60
2020-04-15,14:19:33,Citroёn,5CV,14552787.jpg,14552787ccbe19.png,984 NR 80
2020-04-15,14:18:14,Peugeot,205,14552777.jpg,145527776c6b25.png,AF-276-GF
2020-04-15,14:15:38,Renault,14,14552761.jpg,14552761c6d5d9.png,332 YN 62
2020-04-15,14:12:04,Peugeot,201,14552749.jpg,14552749a2a809.png,3471 VN 80
2020-04-15,14:08:16,Renault,4CV,14552735.jpg,1455273592422c.png,9959 WM 80
2020-04-15,13:57:09,DS,3,14552672.jpg,14552672ad771b.png,EQ-011-TK
2020-04-15,13:55:26,Peugeot,508,14552665.jpg,14552665e01728.png,FM-480-YX
2020-04-15,13:52:45,Peugeot,2008,14552646.jpg,14552646366d10.png,DM-656-AH
2020-04-15,12:10:26,Audi,A6,14552240.jpg,14552240dcb13d.png,FB-011-GC
2020-04-15,11:23:07,Volkswagen,Passat,14552065.jpg,14552065ddba09.png,7293 XQ 30
2020-04-15,10:18:26,Renault,Captur,14551935.jpg,145519351a8103.png,CX-015-GJ
2020-04-15,07:49:17,Renault,Twingo,14551516.jpg,14551516b3adae.png,BR-692-VG
2020-04-15,07:47:44,Jeep,Renegade,14551510.jpg,1455151069885f.png,DQ-382-HL
2020-04-15,07:45:51,Dacia,Duster,14551508.jpg,145515087dcade.png,BE-492-PN
2020-04-15,07:42:32,Dacia,Logan,14551500.jpg,145515006f2b70.png,AT-860-BA
2020-04-15,00:15:31,Ferrari,Dino,14551015.jpg,145510156408ec.png,EA-419-FE
2020-04-14,23:41:14,Mercedes-Benz,CLK-Klasse,14550884.jpg,145508847ac725.png,BQ-006-ZM
2020-04-14,23:27:58,Renault,5,14550808.jpg,1455080829586e.png,7271 ND 62
2020-04-14,23:26:05,Opel,Meriva,14550796.jpg,1455079692fa1e.png,345 CQF 59
2020-04-14,23:25:06,Peugeot,404,14550789.jpg,14550789f95cd8.png,4692 LT 10
2020-04-14,23:22:19,Peugeot,404,14550775.jpg,14550775faeebf.png,4692 LT 10
2020-04-14,22:38:20,Dacia,Sandero,14550621.jpg,1455062147a7ec.png,AK-905-XP
2020-04-14,22:37:27,Renault,Vel,14550619.jpg,145506196f41c2.png,3125 ST 41
2020-04-14,22:14:06,Goupil,G4,14550453.jpg,14550453222d21.png,EV-967-EG
2020-04-14,22:09:50,FIAT,Panda,14550418.jpg,1455041857f6f4.png,EC-389-WS
2020-04-14,21:52:26,Renault,Twingo,14550300.jpg,14550300708150.png,FN-245-LF
2020-04-14,21:44:01,Ferrari,360,14550253.jpg,1455025395db32.png,AX-486-EB
2020-04-14,21:28:39,Audi,A6,14550178.jpg,14550178e294d1.png,FB-011-GC
2020-04-14,20:30:14,Peugeot,2008,14549893.jpg,14549893d6dd5a.png,FG-144-VL (12/19)
2020-04-14,19:06:27,Renault,Espace,14549408.jpg,14549408f493cc.png,BD-880-MP
2020-04-14,18:57:07,Ferrari,360,14549381.jpg,1454938175035a.png,BC-851-QY
2020-04-14,18:38:47,Renault,Megane,14549259.jpg,14549259889937.png,EB-955-JV
2020-04-14,18:23:31,Scania,S-series,14549130.jpg,14549130d3b3d5.png,FJ-591-CL
2020-04-14,18:02:59,Jeep,Renegade,14548947.jpg,14548947370438.png,EW-474-VS
2020-04-14,17:36:33,Peugeot,106,14548722.jpg,145487226a3fbd.png,AE-129-WR
2020-04-14,17:35:23,Ferrari,599,14548711.jpg,145487114f647d.png,DP-569-NX
2020-04-14,17:33:28,Ferrari,599,14548695.jpg,14548695f67e93.png,BS-453-FL
2020-04-14,17:24:59,Peugeot,106,14548628.jpg,14548628006a17.png,EP-467-KD
2020-04-14,17:02:06,Peugeot,406,14548484.jpg,145484847d4a3b.png,FK-308-YT
2020-04-14,16:58:41,Peugeot,305,14548466.jpg,145484661c5bda.png,7317 TA 25
2020-04-14,16:44:45,Renault,Espace,14548363.jpg,145483639e78dd.png,CP-015-PK
2020-04-14,16:08:12,Ferrari,California,14548192.jpg,14548192dc34a8.png,DN-487-AG
2020-04-14,15:57:29,Lotus,Exige,14548126.jpg,14548126508013.png,ES-690-CT
2020-04-14,15:51:44,Audi,Q7,14548087.jpg,14548087c5be46.png,AN-244-ED
2020-04-14,13:51:41,Volkswagen,Golf,14547631.jpg,14547631312eba.png,BJ-721-WY
2020-04-14,13:49:05,Ferrari,F12,14547619.jpg,14547619d7e4dc.png,DZ-054-JY
2020-04-14,13:46:43,Ford,Mondeo,14547605.jpg,14547605ecb29f.png,6612 PE 33
2020-04-14,13:37:07,Ferrari,F12,14547558.jpg,1454755847af5e.png,DF-566-JA
2020-04-14,12:55:07,Mercedes-Benz,SL-Klasse,14547309.jpg,14547309eccecd.png,CS-349-DS
2020-04-14,12:39:39,Mercedes-Benz,SL-Klasse,14547227.jpg,14547227fa104a.png,CS-349-DS
2020-04-14,12:28:40,Mercedes-Benz,M-Klasse,14547181.jpg,145471813d7c28.png,547 DVK 92
2020-04-14,08:09:02,Peugeot,207,14546359.jpg,145463592f219a.png,DS-400-CT
2020-04-14,08:07:03,Peugeot,308,14546355.jpg,1454635507ec2c.png,ET-177-YW
2020-04-14,03:52:40,Delahaye,,14546176.jpg,145461761e93f3.png,281 L 95
2020-04-14,01:51:53,Honda,Gold,14545879.jpg,14545879f28461.png,BK-864-AB
2020-04-14,01:39:22,Bova,Magiq,14545865.jpg,14545865d339a0.png,BA-620-CR
2020-04-14,00:37:46,Renault,Twingo,14545695.jpg,145456958e2306.png,290 DVP 78
2020-04-14,00:36:47,Renault,Twingo,14545688.jpg,14545688862fb2.png,290 DVP 78
2020-04-14,00:35:47,Triumph,,14545683.jpg,145456835b9519.png,74 RF 62
2020-04-14,00:33:38,Citroёn,C4,14545673.jpg,14545673c04e1b.png,713 BYR 57
2020-04-14,00:32:11,Dacia,Logan,14545665.jpg,14545665bc77fd.png,687 BCM 69
2020-04-14,00:31:26,Dacia,Logan,14545661.jpg,1454566132211a.png,687 BCM 69
2020-04-14,00:29:52,Peugeot,307,14545654.jpg,14545654e9a8ed.png,129 APA 59
2020-04-14,00:29:09,Peugeot,307,14545651.jpg,14545651ad0501.png,129 APA 59
2020-04-14,00:28:20,BMW,R,14545645.jpg,14545645111d95.png,9190 SM 62
2020-04-14,00:26:48,Opel,Corsa,14545637.jpg,14545637edf194.png,8097 TY 62
2020-04-14,00:25:59,Mazda,6,14545632.jpg,14545632b54450.png,615 DGY 59
2020-04-14,00:24:54,Mazda,6,14545623.jpg,145456234b2c88.png,615 DGY 59
2020-04-14,00:23:57,Peugeot,407,14545617.jpg,14545617f5b8c0.png,8981 YQ 62
2020-04-14,00:23:17,Peugeot,407,14545610.jpg,145456104c2448.png,8981 YQ 62
2020-04-14,00:21:57,Volkswagen,Golf,14545605.jpg,145456057ee8c4.png,854 XA 62
2020-04-14,00:20:06,Triumph,,14545596.jpg,14545596a7de04.png,8844 XR 62
2020-04-14,00:18:51,Peugeot,206,14545591.jpg,14545591cc0c7a.png,4679 ZM 14
2020-04-14,00:18:21,Renault,Laguna,14545587.jpg,145455872d05bd.png,5922 VY 02
2020-04-14,00:17:45,Ferrari,458,14545584.jpg,1454558479ea8d.png,CC-825-DF
2020-04-13,23:57:55,Renault,Laguna,14545511.jpg,145455114863f6.png,5922 VY 02
2020-04-13,23:56:06,Toyota,Yaris,14545501.jpg,14545501d3e55d.png,5908 XQ 62
2020-04-13,23:54:33,Opel,Meriva,14545498.jpg,14545498be65ec.png,3260 XW 62
2020-04-13,23:53:46,Opel,Meriva,14545495.jpg,14545495adebee.png,3260 XW 62
2020-04-13,23:51:12,Citroёn,C3,14545482.jpg,1454548201359d.png,3731 XV 62
2020-04-13,23:49:49,Volkswagen,Golf,14545476.jpg,14545476b8a686.png,5136 RV 59
2020-04-13,23:48:52,Volkswagen,Golf,14545473.jpg,14545473ee9504.png,5136 RV 59
2020-04-13,23:47:22,Renault,Master,14545463.jpg,145454630055f2.png,2413 YJ 62
2020-04-13,23:46:39,Citroёn,Jumper,14545460.jpg,1454546083fb87.png,6848 TS 62
2020-04-13,23:43:26,Renault,Scenic,14545448.jpg,145454483f7930.png,8760 WX 62
2020-04-13,23:41:45,Opel,Astra,14545437.jpg,14545437657b0c.png,6937 SE 62
2020-04-13,23:40:01,Opel,Astra,14545428.jpg,14545428ba6aab.png,6937 SE 62
2020-04-13,23:36:42,Opel,Corsa,14545410.jpg,1454541012ca7f.png,3108 XD 62
2020-04-13,23:35:18,Volkswagen,Golf,14545404.jpg,145454047caf23.png,270 YD 62
2020-04-13,23:34:01,Citroёn,C2,14545392.jpg,14545392bd0b3a.png,4594 WY 62
2020-04-13,23:31:55,SEAT,Ibiza,14545382.jpg,1454538217d799.png,7066 XB 62
2020-04-13,23:31:22,Citroёn,Xantia,14545381.jpg,14545381ee3403.png,2175 RY 62
2020-04-13,23:30:38,Peugeot,206,14545375.jpg,1454537563a54d.png,1037 WC 62
2020-04-13,23:29:47,Dacia,Logan,14545373.jpg,145453730a8310.png,8535 YF 62
2020-04-13,23:28:41,Renault,5,14545370.jpg,14545370fdcb3c.png,AR-125-VY
2020-04-13,23:27:11,Renault,Scenic,14545360.jpg,145453600e41fc.png,3523 XW 62
2020-04-13,23:25:04,Citroёn,Saxo,14545345.jpg,14545345892e8b.png,5105 VK 62
2020-04-13,23:23:13,Renault,Espace,14545333.jpg,145453335320d7.png,4864 RY 39
2020-04-13,23:22:02,Renault,Clio,14545326.jpg,1454532649f604.png,2699 TJ 62
2020-04-13,23:21:12,Peugeot,308,14545322.jpg,145453228419da.png,4399 XT 62
2020-04-13,23:20:19,Renault,Kangoo,14545312.jpg,14545312bb7de6.png,533 ALZ 59
2020-04-13,23:18:10,Citroёn,Saxo,14545299.jpg,145452997efe1f.png,7012 VM 62
2020-04-13,23:17:08,Peugeot,207,14545291.jpg,1454529172ad1a.png,1913 YQ 62
2020-04-13,23:16:04,Dacia,Logan,14545283.jpg,1454528345b5c2.png,2787 XD 62
2020-04-13,23:15:33,Peugeot,206,14545280.jpg,14545280f9fde9.png,796 XD 62
2020-04-13,23:09:17,KTM,,14545242.jpg,145452423cbd58.png,EZ-553-MM
2020-04-13,22:26:42,MINI,Hatch,14544878.jpg,14544878ae76fb.png,BX-177-WQ
2020-04-13,21:58:24,BMW,3,14544613.jpg,145446139342ae.png,BZ-944-EE
2020-04-13,21:54:20,Peugeot,3008,14544573.jpg,14544573598c50.png,CC-766-AV
2020-04-13,21:32:07,Alfa,Romeo,14544385.jpg,14544385502640.png,DS-545-QY
2020-04-13,21:26:22,Jeep,Renegade,14544334.jpg,1454433461c98d.png,FJ-398-VQ
2020-04-13,21:25:27,Renault,Scenic,14544320.jpg,145443201db29e.png,EH-300-GP
2020-04-13,21:24:47,Mazda,323,14544315.jpg,14544315365827.png,FG-072-KB
2020-04-13,21:21:14,Mercedes-Benz,B-Klasse,14544293.jpg,145442932dfb9f.png,WW-129-BP
2020-04-13,21:09:44,BMW,3,14544282.jpg,14544282611106.png,BZ-876-SA
2020-04-13,21:07:22,Peugeot,406,14544269.jpg,14544269221ad5.png,DP-962-PA
2020-04-13,20:59:56,Land,Rover,14544212.jpg,145442123c20f7.png,FL-954-RX
2020-04-13,20:56:12,Dacia,Logan,14544183.jpg,14544183815ec0.png,BO-724-PV
2020-04-13,20:55:09,Mercedes-Benz,M-Klasse,14544172.jpg,145441727409f5.png,6257 WY 62
2020-04-13,20:53:28,Citroёn,C4,14544160.jpg,14544160051289.png,399 BYP 59
2020-04-13,20:52:49,FIAT,500,14544151.jpg,145441517bfa3d.png,6619 YF 62
2020-04-13,20:41:00,Toyota,Yaris,14544036.jpg,14544036ea1c3d.png,3925 WM 62
2020-04-13,20:39:24,Toyota,Corolla,14544026.jpg,14544026b359c7.png,3233 WG 62
2020-04-13,20:38:26,Audi,A4,14544018.jpg,14544018f2677f.png,1101 TY 62
2020-04-13,20:37:58,Audi,A4,14544015.jpg,145440159846e6.png,1101 TY 62
2020-04-13,20:36:57,Nissan,Qashqai,14544008.jpg,14544008b4299d.png,3164 YB 62
2020-04-13,20:36:15,Renault,Clio,14544005.jpg,145440059319bf.png,8090 WK 62
2020-04-13,20:35:03,Citroёn,Xsara,14543993.jpg,145439936e969b.png,7887 YK 62
2020-04-13,20:33:00,Volkswagen,Golf,14543982.jpg,14543982a7eafe.png,2526 NW 62
2020-04-13,20:31:26,FIAT,500,14543975.jpg,14543975ef84c2.png,974 DKW 59
2020-04-13,20:26:19,FIAT,500,14543943.jpg,14543943a64535.png,974 DKW 59
2020-04-13,20:22:27,Peugeot,107,14543909.jpg,14543909b1c2ba.png,935 YL 62
2020-04-13,20:21:50,Peugeot,206,14543902.jpg,1454390227539f.png,6600 TE 62
2020-04-13,20:21:11,Peugeot,107,14543897.jpg,1454389795843a.png,3163 WY 62
2020-04-13,20:20:31,Peugeot,307,14543892.jpg,145438926232ee.png,83 BBY 59
2020-04-13,20:19:44,Renault,Laguna,14543883.jpg,14543883033c7b.png,861 ASY 59
2020-04-13,20:19:14,Renault,Scenic,14543877.jpg,14543877712948.png,646 BTL 59
2020-04-13,20:18:03,Peugeot,206,14543866.jpg,14543866aa6420.png,8365 WL 62
2020-04-13,20:17:34,FIAT,Stilo,14543863.jpg,14543863b2312d.png,5314 VR 62
2020-04-13,20:16:40,FIAT,Stilo,14543857.jpg,145438572a330b.png,5314 VR 62
2020-04-13,20:15:47,Renault,Clio,14543849.jpg,145438497f8070.png,372 DFN 59
2020-04-13,20:14:06,Citroёn,C1,14543838.jpg,14543838e4e2ef.png,7933 WZ 62
2020-04-13,20:13:35,Volkswagen,Golf,14543832.jpg,14543832d89530.png,3353 XM 62
2020-04-13,20:11:10,Renault,Laguna,14543807.jpg,145438073f531f.png,8487 VP 62
2020-04-13,20:10:43,Skoda,Fabia,14543805.jpg,145438050e88de.png,7114 TQ 62
2020-04-13,20:09:55,Rapido,Serie,14543795.jpg,145437950af01f.png,501 DCC 59
2020-04-13,20:06:34,Renault,Kangoo,14543773.jpg,14543773a6549d.png,9854 WQ 62
2020-04-13,20:04:58,Peugeot,308,14543764.jpg,1454376422f7fb.png,BW-198-ST
2020-04-13,20:04:52,Toyota,RAV4,14543762.jpg,145437622909d4.png,5304 WR 62
2020-04-13,20:04:16,Peugeot,106,14543757.jpg,14543757edc0e4.png,7629 VL 62
2020-04-13,20:03:27,Citroёn,Berlingo,14543754.jpg,14543754ef63d0.png,9157 XQ 62
2020-04-13,20:02:02,Renault,Laguna,14543742.jpg,14543742a7a8f1.png,5243 QZ 62
2020-04-13,20:00:05,Citroёn,C2,14543728.jpg,14543728c06eb2.png,CZ-117-NC
2020-04-13,19:59:55,FIAT,Ducato,14543725.jpg,14543725482b98.png,542 BLD 59
2020-04-13,19:57:52,Opel,Corsa,14543711.jpg,1454371100292f.png,8853 TY 62
2020-04-13,19:56:56,Suzuki,Alto,14543703.jpg,14543703bdefdd.png,5079 VS 62
2020-04-13,19:54:53,Mercedes-Benz,B-Klasse,14543693.jpg,145436936fea18.png,2705 XV 02
2020-04-13,19:53:30,Peugeot,Boxer,14543684.jpg,145436845ba292.png,5383 XK 62
2020-04-13,19:52:06,Ford,Fiesta,14543677.jpg,14543677da33f6.png,852 DRL 95
2020-04-13,19:51:18,Citroёn,C3,14543672.jpg,14543672cd0f32.png,3436 XS 62
2020-04-13,19:50:11,Renault,Megane,14543664.jpg,1454366438b51d.png,7410 YE 62
2020-04-13,19:48:26,Volkswagen,Polo,14543651.jpg,145436512a67e7.png,5097 YH 62
2020-04-13,19:47:59,Citroёn,Xsara,14543647.jpg,14543647a656b9.png,9150 VL 62
2020-04-13,19:40:42,Volkswagen,Polo,14543585.jpg,14543585dba9e7.png,5203 YH 62
2020-04-13,19:39:28,Volkswagen,Tiguan,14543575.jpg,14543575b40781.png,AD-941-JY
2020-04-13,19:38:45,Dacia,Logan,14543573.jpg,145435733f1610.png,2787 XD 62
2020-04-13,19:36:55,Dodge,Caliber,14543565.jpg,145435656f8f35.png,EB-337-AK
2020-04-13,19:35:52,Citroёn,C3,14543560.jpg,145435600962dd.png,258 XR 62
2020-04-13,19:31:31,Audi,A4,14543530.jpg,1454353028ca2e.png,AB-997-EQ
2020-04-13,19:24:56,DS,4,14543502.jpg,145435025b9987.png,FD-860-LG
2020-04-13,19:05:06,Citroёn,C3,14543403.jpg,145434038eafc4.png,FG-515-ZC
2020-04-13,19:03:27,Ford,Mondeo,14543396.jpg,1454339649b6ac.png,CN-073-DC
2020-04-13,19:02:50,Peugeot,806,14543393.jpg,14543393192e06.png,FK-788-ND
2020-04-13,19:01:21,MINI,Classic,14543389.jpg,14543389a0dac4.png,AZ-820-RM
2020-04-13,19:01:13,Peugeot,206+,14543387.jpg,14543387e5aff3.png,BK-056-CK
2020-04-13,18:59:32,Citroёn,C2,14543383.jpg,145433838a2af3.png,ER-665-DJ
2020-04-13,18:58:44,Peugeot,206,14543378.jpg,14543378dd233c.png,4121 YC 62
2020-04-13,18:58:07,KIA,Sorento,14543375.jpg,14543375595b88.png,6182 XB 62
2020-04-13,18:57:39,Citroёn,Berlingo,14543373.jpg,14543373cc1d55.png,9623 YJ 25
2020-04-13,18:56:57,Toyota,Avensis,14543368.jpg,1454336804f0ed.png,5136 YP 62
2020-04-13,18:55:46,Peugeot,205,14543362.jpg,1454336227afc6.png,3628 RM 59
2020-04-13,18:54:56,Peugeot,308,14543358.jpg,1454335801005d.png,4480 YD 62
2020-04-13,18:52:02,Dodge,Caliber,14543346.jpg,14543346ff616e.png,AL-240-RS
2020-04-13,18:50:09,Volkswagen,Golf,14543337.jpg,14543337eeb015.png,979 DFN 59
2020-04-13,18:48:26,Peugeot,306,14543328.jpg,14543328c01d8c.png,AE-470-AX
2020-04-13,18:47:58,Ford,Focus,14543327.jpg,1454332754d240.png,960 CQZ 59
2020-04-13,18:46:23,Toyota,Yaris,14543319.jpg,145433191e3a86.png,4085 XP 62
2020-04-13,18:45:56,MINI,Classic,14543317.jpg,14543317b14194.png,AZ-820-RM
2020-04-13,18:45:46,Renault,Scenic,14543316.jpg,145433161883a8.png,224 CDF 60
2020-04-13,18:45:08,Renault,Scenic,14543312.jpg,14543312c0e79e.png,224 CDF 60
2020-04-13,18:44:37,Peugeot,1007,14543310.jpg,14543310d16f1d.png,AE-279-VE
2020-04-13,18:43:30,Citroёn,DS3,14543306.jpg,1454330652cb6d.png,DX-368-WT
2020-04-13,18:40:54,Audi,A4,14543295.jpg,1454329547bc2d.png,DN-554-EM
2020-04-13,18:39:04,Piaggio,Porter,14543289.jpg,145432891d1b00.png,CZ-749-SH
2020-04-13,18:39:00,Volkswagen,Passat,14543288.jpg,14543288d35279.png,DR-091-HY
2020-04-13,18:36:27,Citroёn,C2,14543275.jpg,1454327568f029.png,1812 ZT 25
2020-04-13,18:32:17,Peugeot,206+,14543258.jpg,14543258876b7e.png,BB-789-RZ
2020-04-13,18:10:38,Citroёn,C8,14543128.jpg,145431285dd8b7.png,BZ-221-PZ
2020-04-13,18:08:29,Volkswagen,Touran,14543112.jpg,14543112738bdb.png,EV-939-NT
2020-04-13,15:34:10,Nissan,Juke,14542296.jpg,14542296d528e7.png,BS-200-BL
2020-04-13,13:17:23,BMW,6,14541843.jpg,14541843c4c403.png,CC-931-JG
2020-04-13,13:03:21,License,plate,14541815.jpg,14541815e8e8d2.png,3003 YC 72
2020-04-13,10:39:29,Citroёn,DS3,14541452.jpg,14541452e1e347.png,DS-719-TR
2020-04-13,10:38:19,Citroёn,C2,14541445.jpg,1454144520a2b1.png,CZ-508-YR
2020-04-13,10:35:05,Peugeot,207,14541436.jpg,145414368d1f5f.png,BT-523-BJ
2020-04-13,10:33:19,Peugeot,308,14541430.jpg,14541430e89c07.png,CG-466-XS
2020-04-13,10:31:54,Peugeot,208,14541424.jpg,14541424d34d5e.png,EB-765-XZ
2020-04-13,10:29:01,Alfa,Romeo,14541418.jpg,14541418da773b.png,DS-545-QY
2020-04-13,10:26:58,Citroёn,DS3,14541409.jpg,14541409f86930.png,DQ-378-HP
2020-04-13,10:25:09,Citroёn,C2,14541401.jpg,14541401ff7158.png,6040 ZP 25
2020-04-13,10:23:26,Peugeot,406,14541398.jpg,145413987ec519.png,BV-186-KY
2020-04-13,10:18:35,Renault,Koleos,14541377.jpg,1454137721dde8.png,EZ-521-XD
2020-04-13,03:16:05,Renault,Scenic,14540533.jpg,145405332fabc4.png,DE-413-NF
2020-04-13,02:56:26,Renault,Twingo,14540518.jpg,145405181ca8e6.png,CS-124-CD
2020-04-12,23:30:41,Citroёn,BX,14539962.jpg,145399626865a6.png,AZ-460-EC
2020-04-12,23:27:34,Citroёn,BX,14539948.jpg,14539948e15e77.png,AX-957-SX
2020-04-12,23:24:26,Peugeot,405,14539933.jpg,145399331da90f.png,AV-234-JH
2020-04-12,23:15:55,Peugeot,405,14539896.jpg,1453989677f9e1.png,2371 GA 90
2020-04-12,23:13:17,Citroёn,BX,14539884.jpg,14539884b7a6eb.png,CQ-191-AQ
2020-04-12,23:09:42,Citroёn,BX,14539865.jpg,1453986589b255.png,DY-811-TA
2020-04-12,23:04:38,Citroёn,BX,14539839.jpg,1453983916472a.png,AD-872-VL
2020-04-12,22:59:34,Citroёn,BX,14539809.jpg,145398093c3165.png,3857 NA 70
2020-04-12,22:56:59,Citroёn,BX,14539798.jpg,14539798e054fb.png,3857 NA 70
2020-04-12,22:52:30,Peugeot,405,14539785.jpg,14539785061606.png,AP-675-WE
2020-04-12,22:46:29,Peugeot,405,14539762.jpg,1453976290251b.png,AZ-305-EH
2020-04-12,22:43:18,Citroёn,BX,14539749.jpg,14539749c38c3c.png,BP-446-BA
2020-04-12,22:39:13,Peugeot,405,14539728.jpg,1453972870a89c.png,9552 MA 52
2020-04-12,22:36:34,Peugeot,405,14539718.jpg,145397184adb4b.png,9552 MA 52
2020-04-12,22:32:27,Citroёn,BX,14539697.jpg,14539697e89315.png,AS-154-QH
2020-04-12,22:29:16,Citroёn,BX,14539682.jpg,14539682c507df.png,AK-089-ML
2020-04-12,22:13:27,Volkswagen,Touran,14539604.jpg,145396041f0bf9.png,ET-831-GF
2020-04-12,19:16:49,BMW,1,14538656.jpg,14538656576c2d.png,FM-045-LF
2020-04-12,19:15:22,BMW,1,14538647.jpg,1453864760fe97.png,FM-045-LF
2020-04-12,18:21:56,Peugeot,Boxer,14538333.jpg,1453833356205a.png,AT-032-CV
2020-04-12,16:36:24,Toyota,Yaris,14537484.jpg,1453748410e7e6.png,72 BQX 59
2020-04-12,16:35:36,Mercedes-Benz,C-Klasse,14537473.jpg,145374736c884e.png,4166 YL 02
2020-04-12,16:34:35,Subaru,Forester,14537466.jpg,14537466f1f103.png,9498 XX 02
2020-04-12,16:33:53,Peugeot,406,14537458.jpg,145374582b3de7.png,5326 YZ 59
2020-04-12,16:33:24,BMW,3,14537453.jpg,145374538154f1.png,828 QWB 75
2020-04-12,16:32:56,Audi,TT,14537446.jpg,14537446015dee.png,CV-001-SY
2020-04-12,16:32:28,Ford,Focus,14537441.jpg,1453744179f5f4.png,617 BQL 59
2020-04-12,16:31:26,Renault,Kangoo,14537433.jpg,14537433c06e1a.png,FB-258-FP
2020-04-12,16:31:03,SsangYong,Musso,14537430.jpg,145374308a3b96.png,AG-319-ZC
2020-04-12,16:30:33,Iveco,Daily,14537423.jpg,1453742338f6ce.png,167 AHQ 59
2020-04-12,16:29:59,Iveco,Daily,14537418.jpg,145374183b4cd0.png,167 AHQ 59
2020-04-12,16:29:14,Volkswagen,Polo,14537410.jpg,14537410b68634.png,315 EPE 95
2020-04-12,16:28:32,Volkswagen,Polo,14537403.jpg,145374034457aa.png,315 EPE 95
2020-04-12,16:27:59,Peugeot,206,14537397.jpg,1453739784c35f.png,638 ESY 91
2020-04-12,16:27:25,Peugeot,1007,14537385.jpg,145373857d7b57.png,530 CNN 59
2020-04-12,16:26:47,Peugeot,1007,14537379.jpg,14537379f852ed.png,530 CNN 59
2020-04-12,16:26:18,Peugeot,207,14537373.jpg,14537373d3393a.png,333 DHK 59
2020-04-12,16:25:49,Renault,Twingo,14537367.jpg,14537367e7b074.png,295 NJK 75
2020-04-12,16:25:15,Volkswagen,Golf,14537359.jpg,145373596332e4.png,8966 VJ 62
2020-04-12,16:24:34,Renault,Twingo,14537349.jpg,14537349be4dad.png,295 NJK 75
2020-04-12,16:24:03,Nissan,Micra,14537344.jpg,14537344a651ba.png,2341 WG 62
2020-04-12,16:23:18,Citroёn,2CV,14537340.jpg,145373408945c9.png,30 MT 59
2020-04-12,16:22:40,Citroёn,2CV,14537328.jpg,14537328eaac4f.png,30 MT 59
2020-04-12,16:21:17,Ford,Fiesta,14537313.jpg,1453731378f540.png,6108 WR 62
2020-04-12,16:20:39,Peugeot,406,14537308.jpg,14537308c7d137.png,332 NZP 75
2020-04-12,16:20:05,Hyundai,Matrix,14537305.jpg,14537305b3f133.png,6945 WV 62
2020-04-12,16:19:22,Peugeot,406,14537293.jpg,145372930b0c5a.png,5894 TF 62
2020-04-12,16:18:32,Peugeot,206,14537287.jpg,14537287b10ab2.png,6888 WQ 62
2020-04-12,16:17:39,Jaguar,X-Type,14537277.jpg,14537277c0531b.png,1920 TW 62
2020-04-12,16:16:57,Peugeot,305,14537264.jpg,145372643aa2ac.png,5766 VB 62
2020-04-12,16:15:21,Peugeot,305,14537242.jpg,14537242be3f5b.png,5766 VB 62
2020-04-12,16:14:26,Renault,Megane,14537233.jpg,1453723306e8e9.png,976 BGF 83
2020-04-12,16:13:54,Renault,Megane,14537226.jpg,145372268b2ad7.png,976 BGF 83
2020-04-12,16:13:22,Audi,A2,14537219.jpg,14537219148c41.png,1583 WK 80
2020-04-12,16:12:54,Audi,A2,14537211.jpg,145372114627eb.png,1583 WK 80
2020-04-12,16:12:26,Citroёn,Berlingo,14537206.jpg,145372061dae00.png,219 WP 62
2020-04-12,16:11:56,Citroёn,Berlingo,14537201.jpg,1453720155b88a.png,219 WP 62
2020-04-12,16:11:23,Peugeot,1007,14537196.jpg,14537196f75fe8.png,9929 WK 62
2020-04-12,16:10:56,Peugeot,1007,14537192.jpg,14537192c69c8d.png,9929 WK 62
2020-04-12,16:10:18,Peugeot,406,14537184.jpg,14537184e15007.png,9382 YG 62
2020-04-12,16:08:45,Ford,Fusion,14537175.jpg,14537175f58b73.png,6674 XC 62
2020-04-12,16:08:02,Toyota,Land,14537167.jpg,14537167329ff1.png,3201 XE 62
2020-04-12,16:07:13,Chrysler,PT,14537160.jpg,14537160ffe79e.png,3536 XX 62
2020-04-12,16:06:40,Chrysler,PT,14537155.jpg,14537155233ea9.png,3536 XX 62
2020-04-12,16:05:46,BMW,3,14537149.jpg,14537149e700b1.png,3254 SG 62
2020-04-12,16:05:10,Citroёn,XM,14537142.jpg,14537142d2c142.png,7930 RZ 62
2020-04-12,16:04:34,Citroёn,C1,14537132.jpg,14537132f69100.png,1449 XJ 62
2020-04-12,16:03:49,Volkswagen,Golf,14537121.jpg,14537121824efc.png,3294 XJ 62
2020-04-12,16:03:13,BMW,3,14537118.jpg,1453711851be51.png,214 ACC 59
2020-04-12,16:02:18,Renault,Modus,14537107.jpg,1453710754f87e.png,FB-636-PE
2020-04-12,16:01:33,MINI,Hatch,14537099.jpg,14537099b35561.png,3701 WN 62
2020-04-12,16:00:48,Mercedes-Benz,E-Klasse,14537093.jpg,145370934b2746.png,2967 XQ 72
2020-04-12,16:00:15,Mercedes-Benz,E-Klasse,14537088.jpg,145370887874b2.png,2967 XQ 72
2020-04-12,15:59:30,Citroёn,C3,14537081.jpg,14537081decdf4.png,1528 WN 62
2020-04-12,15:58:57,Opel,Corsa,14537076.jpg,1453707652d42c.png,266 CFC 59
2020-04-12,15:58:30,Opel,Corsa,14537073.jpg,1453707372236e.png,266 CFC 59
2020-04-12,15:58:05,Opel,Corsa,14537068.jpg,145370687f662b.png,6954 YG 62
2020-04-12,15:57:24,Peugeot,106,14537061.jpg,14537061f69d61.png,3666 VJ 62
2020-04-12,15:56:56,Citroёn,C4,14537058.jpg,1453705851269d.png,906 CNJ 59
2020-04-12,15:56:28,Peugeot,106,14537053.jpg,14537053987ba3.png,3666 VJ 62
2020-04-12,15:55:42,Citroёn,C4,14537048.jpg,14537048c37ccb.png,906 CNJ 59
2020-04-12,15:55:07,Volvo,S60,14537044.jpg,14537044f3f776.png,2702 WJ 62
2020-04-12,15:54:32,Skoda,Octavia,14537041.jpg,1453704142c858.png,6501 XV 62
2020-04-12,15:52:05,Skoda,Octavia,14537014.jpg,145370147af90a.png,6501 XV 62
2020-04-12,15:51:10,Citroёn,AX,14537005.jpg,145370059dd6ed.png,DS-482-AR
2020-04-12,15:50:31,Renault,20,14536997.jpg,14536997682c09.png,BY-570-SF
2020-04-12,15:49:54,Renault,Twingo,14536984.jpg,14536984dd90d7.png,571 BVC 59
2020-04-12,15:48:16,Renault,Twingo,14536968.jpg,14536968dd39d5.png,571 BVC 59
2020-04-12,15:47:13,Hyundai,Getz,14536959.jpg,145369591c1f8a.png,1809 YD 62
2020-04-12,15:46:41,Hyundai,Getz,14536953.jpg,14536953f8ac70.png,1809 YD 62
2020-04-12,15:46:12,Yamaha,XV,14536946.jpg,14536946738aa5.png,2300 XN 62
2020-04-12,15:45:28,Volkswagen,Golf,14536941.jpg,1453694148dab2.png,324 CCD 59
2020-04-12,15:44:34,Ford,Fiesta,14536936.jpg,14536936117e55.png,AA-906-AA
2020-04-12,15:43:58,Ford,Fiesta,14536933.jpg,145369337b278f.png,AA-906-AA
2020-04-12,15:42:41,Peugeot,607,14536925.jpg,14536925517b7a.png,8659 WP 80
2020-04-12,15:41:58,Audi,TT,14536920.jpg,145369209fecfd.png,4292 VX 80
2020-04-12,15:41:26,Renault,Clio,14536914.jpg,1453691489af98.png,260 AZV 59
2020-04-12,15:41:22,Peugeot,607,14536912.jpg,1453691210fc64.png,8659 WP 80
2020-04-12,15:41:09,Peugeot,207,14536909.jpg,14536909383d4f.png,BN-329-XA
2020-04-12,15:40:38,Audi,TT,14536905.jpg,14536905b29cbb.png,4292 VX 80
2020-04-12,15:40:07,Peugeot,207,14536901.jpg,14536901e37bf6.png,7804 YQ 62
2020-04-12,15:39:36,Volkswagen,Eos,14536898.jpg,14536898459978.png,470 DKR 59
2020-04-12,15:38:57,Mercedes-Benz,A-Klasse,14536895.jpg,14536895c49307.png,9106 XN 62
2020-04-12,15:38:06,Opel,Corsa,14536888.jpg,145368880ec7fd.png,657 CZL 59
2020-04-12,15:37:08,Renault,Clio,14536881.jpg,14536881b4dfd9.png,AA-317-RG
2020-04-12,14:49:04,Renault,Grand,14536676.jpg,14536676a1ef7c.png,584 BGN 06
2020-04-12,14:08:09,Audi,A6,14536388.jpg,14536388663c96.png,ET-622-VH
2020-04-12,13:42:29,Chevrolet,Suburban,14536200.jpg,14536200fb5c60.png,AK-064-YS
2020-04-12,13:31:20,Renault,Laguna,14536103.jpg,1453610337ef08.png,147 DAA 59
2020-04-12,13:09:14,Citroёn,BX,14535985.jpg,1453598544cb23.png,AY-238-JZ
2020-04-12,13:08:31,Citroёn,BX,14535983.jpg,14535983d0fcc1.png,AY-238-JZ
2020-04-12,13:06:06,Citroёn,BX,14535970.jpg,1453597058c6ef.png,AP-440-GW
2020-04-12,13:04:30,Citroёn,BX,14535957.jpg,14535957be507f.png,AQ-392-YG
2020-04-12,13:02:40,Peugeot,405,14535945.jpg,1453594596254e.png,CA-358-WM
2020-04-12,13:01:01,Peugeot,405,14535936.jpg,145359360677e0.png,CA-358-WM
2020-04-12,12:53:13,FIAT,Idea,14535903.jpg,14535903318920.png,9114 WA 62
2020-04-12,12:45:33,SAAB,9-3,14535857.jpg,14535857783220.png,BC-159-FJ
2020-04-12,12:29:12,SsangYong,Rodius,14535788.jpg,1453578863f4d1.png,AA-820-RZ
2020-04-12,12:17:20,Ford,Galaxy,14535747.jpg,145357473065e4.png,AQ-285-QD
2020-04-12,12:01:59,Ford,F-150,14535672.jpg,14535672da62e2.png,WW-624-ZJ
2020-04-12,11:44:41,Peugeot,104,14535601.jpg,14535601ba7ec1.png,DA-995-YQ
2020-04-12,11:41:37,Ford,Escort,14535584.jpg,1453558455af33.png,1021 SW 33
2020-04-12,11:36:58,Renault,Clio,14535566.jpg,145355660fa0bb.png,AK-101-KK
2020-04-12,11:11:20,Peugeot,5008,14535446.jpg,1453544638555b.png,DH-029-CP
2020-04-12,10:56:08,Ford,Mustang,14535361.jpg,14535361d8b959.png,DT-520-HP
2020-04-12,10:55:33,Citroёn,DS3,14535356.jpg,14535356e51fa1.png,AQ-978-MA
2020-04-12,10:50:21,Nissan,NT300/400,14535325.jpg,14535325209892.png,EH-288-KK
2020-04-12,10:50:05,Ford,Escort,14535324.jpg,14535324a85192.png,1021 SW 33
2020-04-12,10:29:53,Ford,Focus,14535229.jpg,14535229649a80.png,AA-178-WE
2020-04-12,09:42:41,Citroёn,C1,14535098.jpg,145350987bf1a1.png,FK-118-GA
2020-04-12,09:20:34,Alfa,Romeo,14534981.jpg,14534981b2a21a.png,AH-135-GZ
2020-04-12,09:08:41,Citroёn,Xsara,14534944.jpg,145349447bf780.png,AS-224-QG
2020-04-12,08:50:49,Citroёn,DS3,14534895.jpg,14534895e4e6d3.png,AY-962-KQ
2020-04-12,08:36:47,MINI,Hatch,14534826.jpg,14534826b3de7b.png,CY-299-AD
2020-04-12,02:34:15,Peugeot,Boxer,14534328.jpg,145343286fea27.png,348 AHB 57
2020-04-12,00:52:42,Bentley,Continental,14534092.jpg,145340927a50c5.png,FJ-429-AZ
2020-04-12,00:20:22,Bentley,Continental,14533911.jpg,1453391165b0cb.png,AD-799-VT
2020-04-12,00:07:05,Renault,Scenic,14533794.jpg,145337948a28cd.png,AQ-162-WD
2020-04-12,00:00:06,Volkswagen,Arteon,14533701.jpg,145337018fc192.png,ES-525-AC
2020-04-11,23:59:35,Citroёn,C3,14533695.jpg,14533695464bd7.png,8633 WN 62
2020-04-11,23:58:53,Opel,Corsa,14533688.jpg,145336889f5a66.png,657 CZL 59
2020-04-11,23:57:56,Peugeot,406,14533679.jpg,14533679ac4b1e.png,1064 WP 85
2020-04-11,23:37:52,Maserati,Ghibli,14533574.jpg,14533574e3c104.png,EM-825-ZT
2020-04-11,23:33:04,Opel,Corsa,14533550.jpg,14533550c7ac41.png,FL-123-HK
2020-04-11,23:31:27,Land,Rover,14533540.jpg,14533540cf6801.png,FB-416-QV
2020-04-11,23:23:52,Volkswagen,Golf,14533488.jpg,1453348866d62e.png,WW-597-SD
2020-04-11,23:14:20,Renault,Kangoo,14533444.jpg,145334441f4b5d.png,DP-477-XV
2020-04-11,22:31:20,Peugeot,407,14533245.jpg,14533245310d61.png,88 DHG 59
2020-04-11,22:28:59,FIAT,Stilo,14533226.jpg,145332262aed83.png,221 CWQ 59
2020-04-11,22:10:57,Volkswagen,Crafter,14533128.jpg,145331280f91c7.png,EA-926-PM
2020-04-11,22:07:48,Renault,Clio,14533109.jpg,14533109d31f89.png,EJ-100-RG
2020-04-11,19:34:31,FIAT,Cinquecento,14532272.jpg,14532272ad7db6.png,DS-172-VS
2020-04-11,19:32:38,FIAT,Cinquecento,14532263.jpg,145322635977d6.png,AY-156-NV
2020-04-11,19:30:03,FIAT,Cinquecento,14532250.jpg,14532250779bbe.png,601 BEH 60
2020-04-11,19:05:14,Aixam,Coupé,14532074.jpg,145320744899b6.png,FB-767-CE
2020-04-11,18:28:06,Peugeot,107,14531836.jpg,145318369b92e8.png,CT-107-JY
2020-04-11,18:21:20,,,14531799.jpg,14531799f9ac81.png,2467 DU 69
2020-04-11,17:42:35,Volkswagen,Lupo,14531585.jpg,14531585d45432.png,9852 YA 25
2020-04-11,17:40:31,Volkswagen,Lupo,14531573.jpg,14531573f7d515.png,7973 SY 39
2020-04-11,17:38:32,Citroёn,C1,14531560.jpg,145315606eb88e.png,AA-447-CC
2020-04-11,17:07:20,Peugeot,207,14531427.jpg,145314278f12c1.png,CD-481-SD
2020-04-11,17:06:20,Renault,Trafic,14531422.jpg,145314228b4f00.png,EE-806-TH
2020-04-11,17:05:21,Renault,Trafic,14531417.jpg,14531417e751b2.png,EE-806-TH
2020-04-11,17:04:45,MINI,Classic,14531415.jpg,14531415b395cd.png,ED-982-EL
2020-04-11,17:00:21,MINI,Classic,14531387.jpg,1453138794cfb9.png,AZ-873-BB
2020-04-11,16:56:45,MINI,Classic,14531367.jpg,145313672e5d1c.png,2475 HD 90
2020-04-11,16:53:42,MINI,Classic,14531343.jpg,145313433201cd.png,DH-278-RN
2020-04-11,16:36:25,KIA,Picanto,14531255.jpg,145312556d8c4c.png,BX-719-DM
2020-04-11,16:33:30,Austin,Mini,14531240.jpg,1453124040d119.png,6317 SN 89
2020-04-11,16:30:12,Lancia,Y10,14531223.jpg,145312238ca626.png,822 YM 45
2020-04-11,16:27:11,Lancia,Y10,14531209.jpg,14531209bf3ca9.png,9333 SH 89
2020-04-11,16:22:31,FIAT,Cinquecento,14531188.jpg,1453118885cdf7.png,6993 RW 94
2020-04-11,16:19:04,FIAT,500,14531177.jpg,145311773790c7.png,16 MV 63
2020-04-11,16:15:37,Suzuki,Wagon,14531163.jpg,14531163d880bf.png,847 EPX 91
2020-04-11,16:10:39,Lancia,Y10,14531132.jpg,1453113254992f.png,646 GF 90
2020-04-11,15:47:21,Bolloré,Bluesummer,14530996.jpg,14530996397633.png,DQ-692-XS
2020-04-11,15:44:47,Aixam,A550,14530982.jpg,14530982da050b.png,7179 KC 05
2020-04-11,15:41:15,Ligier,JS,14530972.jpg,14530972c64244.png,FG-807-YA
2020-04-11,15:39:29,Ligier,JS,14530958.jpg,14530958c7683f.png,FG-807-YA
2020-04-11,14:04:48,Peugeot,607,14530512.jpg,14530512f97148.png,723 BVE 59
2020-04-11,13:35:02,FIAT,500,14530382.jpg,14530382182125.png,EM-493-JK
2020-04-11,13:31:21,Mercedes-Benz,SL-Klasse,14530362.jpg,145303620beb8e.png,EV-840-PL
2020-04-11,13:20:27,Autobianchi,A112,14530316.jpg,145303160e8e1b.png,BC-269-AH
2020-04-11,13:01:34,Rover,Mini,14530265.jpg,1453026522703d.png,288 BHB 38
2020-04-11,12:59:37,Rover,Mini,14530262.jpg,145302624426c4.png,378 BCJ 38
2020-04-11,12:39:28,Peugeot,308,14530200.jpg,145302003cf45f.png,WW-327-HH
2020-04-11,12:38:27,Volkswagen,Touran,14530195.jpg,1453019594789a.png,WW-614-WL
2020-04-11,12:37:09,Renault,Master,14530186.jpg,14530186f94ecc.png,WW-891-HM
2020-04-11,12:34:46,Hyundai,Atos,14530177.jpg,145301776d2d31.png,EQ-553-CG
2020-04-11,12:34:16,Citroёn,Grand,14530172.jpg,14530172954868.png,EL-191-YJ
2020-04-11,12:30:08,Land,Rover,14530147.jpg,14530147de3fdf.png,EM-006-BL
2020-04-11,12:17:17,Smart,ForTwo,14530092.jpg,14530092cfec8d.png,940 NRQ 75
2020-04-11,11:55:21,Renault,8,14530034.jpg,145300344dc3e3.png,2539 CX 33
2020-04-11,11:06:52,Citroёn,Grand,14529871.jpg,14529871d7898a.png,DY-700-QH
2020-04-11,11:00:51,Chevrolet,Matiz,14529856.jpg,145298565fce97.png,341 DHL 59
2020-04-11,10:57:02,Aixam,Scouty,14529847.jpg,1452984737b0de.png,AZ-991-WQ
2020-04-11,10:45:51,FIAT,Seicento,14529805.jpg,14529805d2bdb9.png,4737 VF 62
2020-04-11,03:25:52,Citroёn,C1,14528987.jpg,14528987247f5d.png,AW-155-JA
2020-04-11,02:30:18,Smart,ForTwo,14528929.jpg,14528929ab7e65.png,CZ-876-EC
2020-04-11,01:29:53,Goupil,G3,14528838.jpg,145288386ebed1.png,DG-257-DX
2020-04-11,00:20:56,Aston,Martin,14528694.jpg,1452869421488f.png,BR-878-GL
2020-04-11,00:00:07,Smart,ForFour,14528598.jpg,14528598e70b24.png,EA-606-XS
2020-04-10,22:35:15,Ford,Kuga,14528085.jpg,14528085b2f044.png,EJ-215-SC
2020-04-10,22:32:07,Land,Rover,14528066.jpg,1452806628d679.png,CP-259-WG
2020-04-10,22:31:02,Isuzu,D-Max,14528056.jpg,145280569e0f49.png,BR-867-KN
2020-04-10,22:20:56,Renault,Fluence,14527976.jpg,14527976d6f508.png,AQ-697-RW
2020-04-10,22:11:57,Citroёn,C3,14527910.jpg,145279108a3393.png,CG-547-ZH
2020-04-10,22:07:47,FIAT,Uno,14527883.jpg,1452788329f80c.png,995 GHS 75
2020-04-10,21:22:49,Nissan,Navara,14527620.jpg,14527620f4a4d7.png,BV-845-LF
2020-04-10,20:53:37,License,plate,14527495.jpg,14527495a8fb99.png,EW-398-TL
2020-04-10,20:28:09,,,14527337.jpg,14527337213d10.png,139 CFH 60
2020-04-10,19:57:35,FIAT,500X,14527200.jpg,14527200b2d5d0.png,ER-307-XE
2020-04-10,19:40:36,Peugeot,208,14527131.jpg,14527131c4f2b0.png,FP-991-FD
2020-04-10,19:18:44,Peugeot,1007,14527068.jpg,14527068b0ea59.png,FB-143-BJ
2020-04-10,19:08:59,Citroёn,DS3,14527034.jpg,14527034f44941.png,CW-912-CK
2020-04-10,19:00:39,Ford,Tourneo,14527000.jpg,14527000c87ab6.png,DQ-624-KK
2020-04-10,17:02:18,Renault,Espace,14526495.jpg,14526495e2ddaa.png,CF-003-TT
2020-04-10,16:45:43,Lancia,Flaminia,14526358.jpg,14526358517898.png,1301 RN 06
2020-04-10,16:32:02,FIAT,Tipo,14526291.jpg,14526291cf7eaf.png,8081 YN 38
2020-04-10,15:51:34,Adria,Matrix,14526165.jpg,14526165aee180.png,DE-009-ZB
2020-04-10,13:04:33,Volkswagen,Transporter,14525608.jpg,145256081efe15.png,CV-274-NS
2020-04-10,12:27:33,Renault,Megane,14525463.jpg,145254636e5904.png,404 AVP 59
2020-04-10,12:20:46,Audi,80,14525437.jpg,145254374caae9.png,FL-062-MG
2020-04-10,12:13:43,BMW,5,14525400.jpg,145254000a8a67.png,6156 NB 33
2020-04-10,10:00:37,License,plate,14524906.jpg,14524906b0c449.png,9320 YK 56
2020-04-10,09:59:38,License,plate,14524903.jpg,14524903dbd613.png,9320 YK 56
2020-04-10,05:45:22,Talbot,,14524558.jpg,14524558f25636.png,8133 AS 13
2020-04-10,01:14:00,Renault,Clio,14524287.jpg,14524287dc7a25.png,1348 XZ 76
2020-04-10,00:56:53,License,plate,14524242.jpg,1452424287b374.png,1177 WK 94
2020-04-10,00:55:31,Renault,Clio,14524240.jpg,1452424039331c.png,1348 XZ 76
2020-04-10,00:54:52,Peugeot,Partner,14524238.jpg,145242382724d9.png,3406 XE 62
2020-04-10,00:54:18,Renault,Kangoo,14524235.jpg,14524235c8d049.png,8206 XR 76
2020-04-10,00:53:23,Renault,Twingo,14524232.jpg,1452423267044b.png,782 MSL 75
2020-04-10,00:52:43,Renault,Twingo,14524231.jpg,1452423110fcef.png,782 MSL 75
2020-04-10,00:52:10,Peugeot,207,14524228.jpg,145242287be3db.png,5750 YC 62
2020-04-10,00:50:56,Peugeot,207,14524222.jpg,14524222454d62.png,5750 YC 62
2020-04-22,15:51:46,,,14588223.jpg,14588223191dc3.png,746 BA 50
2020-04-21,19:48:11,,,14584950.jpg,14584950c4c774.png,600 RKM 75
