imgPlaqueName,plateNumber
1459070777f178.png,FG253SW
145906013a2b29.png,AB201WW
145905182dc73a.png,AB201WW
14590394467635.png,CT750EY
145902296d0114.png,CT750EY
145901323bb401.png,DB620VM
14590018cec80e.png,FK032AY
145899136194d5.png,EK609RG
14589806fd7175.png,ES267CB
14589775007a1d.png,389BDE35
14589759f148e4.png,983AYC35
1458974948ff79.png,7578ZY35
145897389bdf62.png,534ACR35
1458973289f29c.png,252AEZ35
14589711f26ab0.png,275AMW35
14589678000673.png,163ABY35
14589670b6ab90.png,166BFM35
14589657522821.png,669AAZ35
14589634074984.png,147AFB35
145896205598c4.png,769APP35
14589521081e49.png,BH392DN
145894915aeea6.png,EY455TQ
14589480283a35.png,FE031BR
1458938249b76c.png,BE516FH
145893157f13c8.png,BE516FH
1458918054a9dd.png,1711VD51
14589135cde96a.png,EZ609DL
1458897274d4d2.png,BX852JD
145889418692e1.png,DH465WY
145887449b38da.png,69YY35
1458873794c49d.png,749AJJ35
14588728346a99.png,4072ZC35
14588721fbd6fe.png,756ASE35
14588715a92c27.png,526ATW35
14588712919866.png,589AQC35
145887045c7225.png,3017WE35
1458869788b2dc.png,9084VJ35
14588685485e88.png,3532XS35
14588675c45da1.png,633BFL35
14588223191dc3.png,746BA50
14588032c41e0c.png,FH121ET
14587988d73965.png,EV113GX
14587971c332aa.png,FB925AP
145879458801c0.png,DR468MB
14587808e90677.png,559AZL971
1458780696c258.png,559AZL971
14587094b1f023.png,CY056PA
14586738e9b097.png,AL361AL
14585597629616.png,AT322AK
14585588472233.png,873TK72
14585487825fea.png,CP543PS
14584950c4c774.png,600RKM75
145849044fa014.png,BR183QC
14584697d79b47.png,BX852JD
1458467182f355.png,CC076AB
1458462155d41b.png,BE713CV
145846028c9629.png,CJ410LZ
14584567cd2ca5.png,FB066NW
1458456291cc35.png,31APA67
145845532fd259.png,FE162QR
14584470a0622a.png,494ATW35
1458445701618d.png,2109ZJ35
1458444821729e.png,132BEZ35
145844433ed492.png,817APP35
1458444061c893.png,772ABF35
145844357cfd2b.png,416AHE35
14584419e7a2fe.png,3746TF53
14584413493434.png,8462SY53
1458440570726b.png,311ARD35
14584397a99aac.png,651BEC35
145842350c1a50.png,EN940KS
14584184702812.png,EV698FV
14584103c42101.png,AR507BJ
14584099061328.png,CC978BA
145839681141f5.png,CY870BE
14583964a66e4a.png,4294XN26
14583460644416.png,W071DQ
14583343a3acb8.png,DQ387RG
145829850e0bf6.png,CX347BY
14582795f3f825.png,BT966YZ
14582712556b46.png,AT256YX
145826387bd00d.png,BC172FF
1458221084a32f.png,EJ802TH
145821126ae701.png,211BCC67
145819238d45f0.png,FG729HK
1458192150f93a.png,EA174WC
14581888387901.png,FG270GW
14581742378757.png,AM010QT
14581500b7ecfa.png,AP516ME
14580692ead4ac.png,AE746PB
14580684ab94c0.png,BK776EK
14580526c5c80a.png,BR735KM
145805125217b7.png,CZ351SW
14580494594aa2.png,FA500MN
14580490c85b09.png,FA500MN
1458048374a111.png,DL493TK
14580477bc2177.png,DL493TK
14580474efec7a.png,DR194XY
145804677bd8b9.png,EY584GE
145804271a677e.png,EZ020AC
14580410bb0699.png,FK556QB
14580404ec27a8.png,FK556QB
14580380fd4d90.png,CD620VA
14580357331332.png,DF680MM
1458035016336b.png,DF680MM
1458033431be5e.png,DX140JS
14580320433911.png,EG813LW
14580304f02914.png,307BDK75
1458026986fe28.png,FH140GP
14580084408255.png,CK431MW
145800363513a5.png,EG579NQ
14580012828188.png,CK001PD
145799936b18e7.png,DX808RF
1457995367ffd6.png,22LE06
14579944c7b70d.png,CA832MQ
1457994319cdb7.png,CA832MQ
14579893f9b54a.png,AQ249JJ
14579112d5adba.png,DR946WR
145790729e66fc.png,3625ND70
14578552f1527b.png,BR162EW
1457852434f76b.png,EV555ZX
145784372e2cae.png,EJ970GD
14577726bc8681.png,DA332GL
1457770106fb63.png,8834LN93
14577696813038.png,8834LN93
14577682589c43.png,CG164CB
145776745a54c0.png,984RHK75
14577668a60c49.png,984RHK75
14577660087377.png,851AMH93
1457765490a797.png,851AMH93
14577642ae2742.png,966EKQ95
145776383bb9a6.png,966EKQ95
145776281b83b1.png,216QQQ75
14577621849682.png,216QQQ75
14577619a697fc.png,BD531GY
145776138330f8.png,AF940QJ
14577611645995.png,AF940QJ
14577605ca4426.png,947NVX75
14577597568ef9.png,947NVX75
1457758587e5ce.png,BM094DK
1457757984ac84.png,BM094DK
14577566048378.png,ED586JE
14577558423cc8.png,876LXW75
1457746729b1a3.png,WW821EQ
1457745570c5aa.png,7049QR86
145772696ac387.png,9474WG42
14576932b0c38a.png,DD656MP
14576649bcf7e5.png,DG175VP
145766315bf028.png,EE137RY
1457655517a607.png,EB524QV
14576526e81082.png,107CGT31
14576315b99ee9.png,AJ780EV
1457628913c81b.png,BD928QB
145761458bd255.png,BK803XA
145759238fdd0f.png,EE936CM
145757720ee377.png,FM056HT
145756937229ec.png,FH055EF
145756794e8b0f.png,FH454FJ
14575633fe85ca.png,EN435LE
145755503a614b.png,CB714ED
14575452a6d776.png,WW239LY
1457534732c03e.png,DP958AN
14575335ef3e6a.png,AC768YR
145752574f6f6c.png,FF822WS
14575220dc312a.png,8112SR59
14575214554cd1.png,8112SR59
14575102ef8c38.png,1337XP62
14575005c62699.png,DP958AN
14574981f755b2.png,DS098GL
14574846b31099.png,FC889FG
14574599df23b6.png,BT701ZJ
145745659b483c.png,BT701ZJ
14574454299600.png,CT262DW
14574410ae32b0.png,BB570FX
1457437222da95.png,518KPL75
14574329580add.png,CF295TB
14574301cbebab.png,CN516RT
14574154e2337a.png,FD753JN
14574084cf5bbd.png,AW572LT
145740705c31ad.png,9984WA92
14574061160aae.png,FG936LP
145740463e9ba8.png,EW950DC
145740376b1b1f.png,EW950DC
145740369ea839.png,AG184NV
14574031b9ef26.png,AG184NV
1457401567f3d7.png,3289WF80
14573985f6c55d.png,9897VP62
14573944705e0b.png,AS343RT
1457392831427d.png,ED538QB
14573922b5a1d5.png,EH965GR
14573919668ca2.png,ED538QB
14573895bf1e6a.png,DN984CG
14573866aa14e4.png,WW250QK
14573848c07628.png,5134ZW14
14573785cb1268.png,5061WA14
145734630affbe.png,640EJQ92
145734007f3a20.png,WW258HS
145733733f6778.png,ES754LY
14573165816a69.png,FB147TS
14573149763c72.png,FB718XF
1457313605fc1d.png,CJ617YG
145731292176a7.png,ED020KM
14572317496b8c.png,198BCE57
145722599d328d.png,W273CM
1457215698478c.png,375ADW93
145718550e684b.png,839CBX78
14571792783452.png,1872VC06
1457085415711a.png,419YV62
1457080311132f.png,1546ZL59
145707760e023d.png,8308RH62
14570754e1ea36.png,9409YG62
14570737809713.png,9502WT62
145703599a25b4.png,687DGP77
1456998199548e.png,BF235JV
1456992256d86e.png,CV103TR
14569604654037.png,FP788BV
14569480883788.png,DP104LM
1456924809567a.png,EH643WP
14569217f2364b.png,DY826PJ
145691968d2b8d.png,DV914KN
14569147a817cc.png,EA815DF
1456913250b09e.png,FM531CS
1456895472ad20.png,DS441ZT
14568947053abd.png,DS441ZT
145688129e597d.png,FD233KT
14568558251f10.png,282AKZ973
145683709e1310.png,CR297YM
14568293d5d3f9.png,CR297YM
145682822415d1.png,EZ328QG
14568227a8233a.png,FL991DD
1456819783128b.png,EG841DF
1456818410f6cd.png,FJ505AN
14568165bfe53a.png,FJ505AN
145681506c183b.png,WW029DG
145681420b312b.png,WW029DG
14567983665aab.png,677AQS67
145679452fc1c6.png,9886QW68
14567387de6ce3.png,CN855HK
14567188748ac0.png,BR162EW
14567181f61de1.png,668BZQ59
14567175d2c64e.png,734BSF59
145671702b6b9e.png,EL466FP
1456714643cc63.png,EZ882SH
145670634add80.png,5190YX59
14567057af553f.png,31BMZ59
14566992c14317.png,CP341RH
1456697748811c.png,EG459NG
14566779bfa4da.png,CL826WJ
14566769c5ac63.png,753AHY42
14566721de6a46.png,EC282EZ
1456592292bd1c.png,AQ940FM
14565912d71d3a.png,FD491HH
145658963e288b.png,BQ611SW
14565882ea35a1.png,AJ933EQ
14565871b332ae.png,EF727RA
145658427ac555.png,CE877BH
14565835de4c9a.png,272ADJ67
14565809238097.png,FJ999PF
14565749c146b0.png,3616YP68
145656248ae3df.png,BA931NV
145654454e6bb3.png,DX738CV
145653814287c6.png,CW545TT
145653714373ca.png,BH591JD
14565187416456.png,FG198QW
145651599fefca.png,BN262BS
14565145197166.png,ET916VD
14564993ef8a15.png,CZ462JT
145646418a29a9.png,EH582PJ
14564619af0c84.png,2770RS19
14564603127c49.png,DE775JS
14564520e054d8.png,CN782HP
14564371798eee.png,FD023EC
14564043713613.png,3891WP75
1456403738c82f.png,3891WP75
14564009f91ed3.png,WW422EJ
145640014c2505.png,WW422EJ
145639727dba81.png,7154SL71
14563964313668.png,EH905HS
1456395618e923.png,213PPD75
14563951e6f02e.png,CA047HW
145639456a9e35.png,CA047HW
14563934eb4c2f.png,DJ652GB
14563883601551.png,W997HV
14563872ad1720.png,6275JF69
145638633c36c6.png,6275JF69
145638501bca0b.png,FF389HG
14563834802f13.png,FF389HG
14563820353944.png,9044KM32
145638139973a1.png,9044KM32
14563801b6c6b0.png,EY759JV
14563796fdcd52.png,EY759JV
1456340122192a.png,BK380ER
14563397b3581f.png,711RNV75
1456339466db1a.png,EC230DM
14563390cc9d20.png,EC230DM
14563384d20653.png,DL858FH
14563382cc3a75.png,DL858FH
145633797a3661.png,EE662BD
1456337143d5c7.png,CK005MX
14563364d532b5.png,CK005MX
1456333707b245.png,CV706NL
14563327215cb4.png,CV706NL
145633211ead0d.png,3372BL33
14563318e92424.png,DJ526XP
14563305f66ffe.png,CJ069NH
1456329579039d.png,3372BL33
14563292e3c10d.png,ER292WH
145632869a7f45.png,AA839PQ
14563285dd7c1d.png,AS195LK
14563279c70add.png,BP821BA
14563272890629.png,FF374RY(10/19)
145632671004b7.png,WW195RR
14563259a07b69.png,CW565RX
14563248da0fed.png,EX972NE
14563241a837da.png,EX972NE
14563229c17d8e.png,EA089XJ
14563221d4378f.png,EA089XJ
14563216911650.png,EA882NK
1456320698cbf3.png,DW370WX
145632001932a5.png,DW370WX
145631893d1689.png,BJ928AN
14563080ab1dbd.png,BL188AY
145630473b31f6.png,FH921YQ
14562860f25226.png,AA235HR
145628546d69f6.png,DA417NH
145627770f57c4.png,773RBT75
145627207a8409.png,6176YG62
145627038f8bb6.png,118AWP59
1456269772d428.png,118AWP59
14562693c3d124.png,4585XB80
14562676f518ee.png,195AZL59
145626735222ed.png,195AZL59
14562671f44d66.png,7054WG62
14562669b98a07.png,431CRJ59
14562663c5b770.png,134BHW57
14562625e59d51.png,935AGY76
145626207b21ba.png,935AGY76
1456258508ac95.png,7273XM80
14562583617a54.png,8330VA62
1456258033bee8.png,2822ZM35
1456257641a2a3.png,8131YF62
1456257258affd.png,1280XZ62
14562568888c62.png,7104XG62
145625646def98.png,4838QM62
14562561f29d5f.png,4838QM62
1456255223f9ec.png,8566YL62
14562546332447.png,897XG62
14562543aa09fe.png,FD924GD
14562530ab0083.png,AG236NL
14562514f778f7.png,625XT62
145625100dd1fe.png,625XT62
145625059ef169.png,6626YQ62
145625011c0f70.png,4796WX62
1456249989a29f.png,331RP40
14562490283e72.png,331RP40
145614790c0b1f.png,FH470XF
14561182e3bf5f.png,416EB67
14561118045dd7.png,AN278HW
14561005b8e35c.png,145YC63
145608792b4eb2.png,598AAH67
14560812ec1a33.png,CZ752MG
14560808f7b3f8.png,BN445YT
14560792bde34d.png,CT705ZD
145607774bdb2c.png,DM036FN
14560768e8f1ca.png,AE953WC
145607576d9172.png,FM993AQ
14560750c5be38.png,FM678HF
145607331795da.png,EQ406PF
14560720e30cba.png,AT742BP
14560710cc73ba.png,CX548GF
14560699ecdcc9.png,FC794WP
145606206293af.png,BT062YX
14560601dc9424.png,CV236RT
145605805e7a9d.png,CE588HL
145605597a7769.png,BG859FT
1456055698c473.png,899AMY13
145605283bebda.png,BQ563HM
145604746453a7.png,2665W73
145604722382c4.png,2665W73
14560462042ec4.png,9184YA62
145604511b0b63.png,3989SX62
14560444bd1b38.png,9870XP62
14560435f7b64d.png,1456VS62
14560433e1540e.png,4306XF62
145604309b7e03.png,5834WS80
14560410e128e1.png,893EVW78
145604030de08f.png,893EVW78
14560396572977.png,260DKQ59
14560393877c1a.png,260DKQ59
1456037959de90.png,690DYQ95
14560356fd6e37.png,1955WA62
1456035218d4ea.png,690DYQ95
14560347c3fea3.png,5120XG25
14560344ece36c.png,6562WP62
145603420cc8c1.png,1027XZ02
145603326e0f07.png,9438YA62
145603299b912d.png,6358SZ62
1456032659d519.png,752YQ76
14560319a01ed3.png,804CRE59
14560277b9f481.png,62AQA44
1456027289805b.png,4134TP62
1456025846cab3.png,AB312YX
145602463db745.png,9148WE62
14560235541b12.png,8466YF62
14560224583d80.png,5079VS62
145602174c40b4.png,6038XJ62
14560211d3927b.png,6038XJ62
1456014754801d.png,BE196HZ
145601431b4eee.png,391FVC92
145601417cc061.png,BN986YZ
14560138f60ea5.png,DH296BG
14560132a1259b.png,DH296BG
14560131470c09.png,4566SZ62
14560123997de9.png,DX246PS
145601131db2e7.png,7021QR62
145601104babf8.png,BX898AL
1456010740848a.png,BX898AL
1456010527aef9.png,DH032HR
14560103e4fa10.png,DH032HR
1456010110f086.png,DR940DX
14560097a6056d.png,7021QR62
14560095b571a4.png,DR940DX
145600882731cf.png,CZ172EL
14560084248055.png,CJ443AZ
145600798d397a.png,DS998PN
14560076fdb8d9.png,DL776NC
145600691af2a9.png,DS471KZ
145600687f29ee.png,7360WK62
145600532ded95.png,DS471KZ
14560046e609db.png,DB028DD
14560042ffa16a.png,9728WN62
14560039ac4565.png,9728WN62
1456003330a040.png,CK172GP
14560020418419.png,DF147CK
1456001480f589.png,DF147CK
14560003458025.png,856NCP75
145599920a369c.png,DT631SY
145599885687d4.png,AV472VK
145599825fbbc4.png,BJ598JL
145599718988ef.png,AV472VK
1455996145764c.png,CZ333XL
14559957d4f41e.png,CY287BB
145599444a5c0a.png,CW590KA
145599382d376e.png,CY287BB
14559932b3a140.png,BP886HJ
145599285e3d8d.png,AL469QH
14559923e8f631.png,DR673TK
14559920835eda.png,CW989WP
145599181b015e.png,626CNJ92
1455991139b3db.png,AL469QH
14559903acc5bb.png,DR673TK
145598930919c1.png,DW956SP
145598834f8e7a.png,BL842KW
1455986927c368.png,CZ869FJ
14559866736d34.png,BF555AS
1455986342a123.png,AW458ZS
14559843cf81e7.png,5919PK92
14559819f59621.png,BF555AS
145598120eefa2.png,DV748AZ
1455960251d2fa.png,EP616PY
145591955f3311.png,CR607GR
145590230acff5.png,CR607GR
14558598a4ee0f.png,DZ943JR
14558532f9fdcb.png,EV056XR
14558494b73811.png,EX130EG
14558475bb7026.png,EX130EG
1455842225f9c0.png,6785VH25
1455840945893e.png,5182VS25
14558395de2d5b.png,DC590ZY
14558378d8a8a0.png,DR341JT
14558361bfe955.png,CE836YA
14558270fa02f8.png,BM980SK
14558201883d2f.png,EM356DA
14558103a8767d.png,BG266XM
145580539efe8c.png,2861VC88
145576197e4b41.png,187QTS75
1455756385756b.png,DX338LA
145567101e2f7e.png,EG565WW
14556695afeb5e.png,EP813CW
14556557294418.png,EP558VT
14556450c679be.png,BR062JT
1455626324afda.png,BK162WX
14556256299f3e.png,AR448VE
145562516fcd7b.png,CE153ND
14555993c0824c.png,AF123FD
145559924f8592.png,AF123FD
145559879989b3.png,76BJP59
1455598239c9df.png,76BJP59
145559774a213b.png,734CAL59
14555737559cfe.png,BD538RP
1455561869621b.png,EQ958SJ
14555608c700c8.png,FJ429AZ
14555605962315.png,EY447JG
14555598fdb568.png,FA020WZ
145555922980dc.png,EV488FQ
145555864e8cc6.png,2879KH46
145555794298a8.png,WW016DA
14555575368a46.png,WW016DA
145555703cd2f9.png,DN605QQ
14555567fe92a8.png,DW418TH
14555564bb671c.png,DW418TH
14555557f6dcca.png,BW850YX
14555554634357.png,BC433YM
1455554927d237.png,DH641VK
145555476622cf.png,EY896KS
145555445f2b01.png,W997HV
1455553328c54c.png,760HZN75
145555308ac76d.png,760HZN75
145555275a0ac6.png,833QED75
14555525142025.png,833QED75
14555509eae65d.png,CF267LV
145555023cd51a.png,AE756GW
14555493d30adc.png,534ADP91
14555485efcbdb.png,AS704ME
14555483c051f3.png,WW880RZ
14555482ede185.png,DZ357FK
14555476294812.png,BM375NR
14555470c7b5c4.png,CH065ZE
14555463c326c1.png,ER469NM
14555457952558.png,AD695NF
145554538a122f.png,AD695NF
145553129d162b.png,BV985VW
1455527290d814.png,ES187TR
1455523752ae49.png,DG428BC
145551150cd77e.png,EE966MK
1455472863bdc1.png,BD538RP
145545749634da.png,DR498WT
14554530f09d39.png,EF895CH
145544347100f1.png,BQ065QB
1455442315bca9.png,WW016JC
14554381fe9a9b.png,CX643PC
145543270431c9.png,9261XX62
1455426777d105.png,9261XX62
145542581168f9.png,6768VM62
1455425481459c.png,6768VM62
14554239f68873.png,4865VP62
145542241aab85.png,4865VP62
1455421665f472.png,3171TB62
14554202bc5f0e.png,3171TB62
14554030178116.png,EN400AX
145540058a19e8.png,EG434KX
145539266ee26e.png,DJ505YR
1455384373442b.png,FN128JA
14553778377cc1.png,EL081CJ
14553725797fff.png,FB023MB
14553706c30419.png,CX643PC
1455368547d0cf.png,ES287MF
14553599932d8a.png,FK907BL
14553538f907da.png,FK703EZ
14552814361396.png,676AFJ60
14552787ccbe19.png,984NR80
145527776c6b25.png,AF276GF
14552761c6d5d9.png,332YN62
14552749a2a809.png,3471VN80
1455273592422c.png,9959WM80
14552672ad771b.png,EQ011TK
14552665e01728.png,FM480YX
14552646366d10.png,DM656AH
14552240dcb13d.png,FB011GC
14552065ddba09.png,7293XQ30
145519351a8103.png,CX015GJ
14551516b3adae.png,BR692VG
1455151069885f.png,DQ382HL
145515087dcade.png,BE492PN
145515006f2b70.png,AT860BA
145510156408ec.png,EA419FE
145508847ac725.png,BQ006ZM
1455080829586e.png,7271ND62
1455079692fa1e.png,345CQF59
14550789f95cd8.png,4692LT10
14550775faeebf.png,4692LT10
1455062147a7ec.png,AK905XP
145506196f41c2.png,3125ST41
14550453222d21.png,EV967EG
1455041857f6f4.png,EC389WS
14550300708150.png,FN245LF
1455025395db32.png,AX486EB
14550178e294d1.png,FB011GC
14549893d6dd5a.png,FG144VL(12/19)
14549408f493cc.png,BD880MP
1454938175035a.png,BC851QY
14549259889937.png,EB955JV
14549130d3b3d5.png,FJ591CL
14548947370438.png,EW474VS
145487226a3fbd.png,AE129WR
145487114f647d.png,DP569NX
14548695f67e93.png,BS453FL
14548628006a17.png,EP467KD
145484847d4a3b.png,FK308YT
145484661c5bda.png,7317TA25
145483639e78dd.png,CP015PK
14548192dc34a8.png,DN487AG
14548126508013.png,ES690CT
14548087c5be46.png,AN244ED
14547631312eba.png,BJ721WY
14547619d7e4dc.png,DZ054JY
14547605ecb29f.png,6612PE33
1454755847af5e.png,DF566JA
14547309eccecd.png,CS349DS
14547227fa104a.png,CS349DS
145471813d7c28.png,547DVK92
145463592f219a.png,DS400CT
1454635507ec2c.png,ET177YW
145461761e93f3.png,281L95
14545879f28461.png,BK864AB
14545865d339a0.png,BA620CR
145456958e2306.png,290DVP78
14545688862fb2.png,290DVP78
145456835b9519.png,74RF62
14545673c04e1b.png,713BYR57
14545665bc77fd.png,687BCM69
1454566132211a.png,687BCM69
14545654e9a8ed.png,129APA59
14545651ad0501.png,129APA59
14545645111d95.png,9190SM62
14545637edf194.png,8097TY62
14545632b54450.png,615DGY59
145456234b2c88.png,615DGY59
14545617f5b8c0.png,8981YQ62
145456104c2448.png,8981YQ62
145456057ee8c4.png,854XA62
14545596a7de04.png,8844XR62
14545591cc0c7a.png,4679ZM14
145455872d05bd.png,5922VY02
1454558479ea8d.png,CC825DF
145455114863f6.png,5922VY02
14545501d3e55d.png,5908XQ62
14545498be65ec.png,3260XW62
14545495adebee.png,3260XW62
1454548201359d.png,3731XV62
14545476b8a686.png,5136RV59
14545473ee9504.png,5136RV59
145454630055f2.png,2413YJ62
1454546083fb87.png,6848TS62
145454483f7930.png,8760WX62
14545437657b0c.png,6937SE62
14545428ba6aab.png,6937SE62
1454541012ca7f.png,3108XD62
145454047caf23.png,270YD62
14545392bd0b3a.png,4594WY62
1454538217d799.png,7066XB62
14545381ee3403.png,2175RY62
1454537563a54d.png,1037WC62
145453730a8310.png,8535YF62
14545370fdcb3c.png,AR125VY
145453600e41fc.png,3523XW62
14545345892e8b.png,5105VK62
145453335320d7.png,4864RY39
1454532649f604.png,2699TJ62
145453228419da.png,4399XT62
14545312bb7de6.png,533ALZ59
145452997efe1f.png,7012VM62
1454529172ad1a.png,1913YQ62
1454528345b5c2.png,2787XD62
14545280f9fde9.png,796XD62
145452423cbd58.png,EZ553MM
14544878ae76fb.png,BX177WQ
145446139342ae.png,BZ944EE
14544573598c50.png,CC766AV
14544385502640.png,DS545QY
1454433461c98d.png,FJ398VQ
145443201db29e.png,EH300GP
14544315365827.png,FG072KB
145442932dfb9f.png,WW129BP
14544282611106.png,BZ876SA
14544269221ad5.png,DP962PA
145442123c20f7.png,FL954RX
14544183815ec0.png,BO724PV
145441727409f5.png,6257WY62
14544160051289.png,399BYP59
145441517bfa3d.png,6619YF62
14544036ea1c3d.png,3925WM62
14544026b359c7.png,3233WG62
14544018f2677f.png,1101TY62
145440159846e6.png,1101TY62
14544008b4299d.png,3164YB62
145440059319bf.png,8090WK62
145439936e969b.png,7887YK62
14543982a7eafe.png,2526NW62
14543975ef84c2.png,974DKW59
14543943a64535.png,974DKW59
14543909b1c2ba.png,935YL62
1454390227539f.png,6600TE62
1454389795843a.png,3163WY62
145438926232ee.png,83BBY59
14543883033c7b.png,861ASY59
14543877712948.png,646BTL59
14543866aa6420.png,8365WL62
14543863b2312d.png,5314VR62
145438572a330b.png,5314VR62
145438497f8070.png,372DFN59
14543838e4e2ef.png,7933WZ62
14543832d89530.png,3353XM62
145438073f531f.png,8487VP62
145438050e88de.png,7114TQ62
145437950af01f.png,501DCC59
14543773a6549d.png,9854WQ62
1454376422f7fb.png,BW198ST
145437622909d4.png,5304WR62
14543757edc0e4.png,7629VL62
14543754ef63d0.png,9157XQ62
14543742a7a8f1.png,5243QZ62
14543728c06eb2.png,CZ117NC
14543725482b98.png,542BLD59
1454371100292f.png,8853TY62
14543703bdefdd.png,5079VS62
145436936fea18.png,2705XV02
145436845ba292.png,5383XK62
14543677da33f6.png,852DRL95
14543672cd0f32.png,3436XS62
1454366438b51d.png,7410YE62
145436512a67e7.png,5097YH62
14543647a656b9.png,9150VL62
14543585dba9e7.png,5203YH62
14543575b40781.png,AD941JY
145435733f1610.png,2787XD62
145435656f8f35.png,EB337AK
145435600962dd.png,258XR62
1454353028ca2e.png,AB997EQ
145435025b9987.png,FD860LG
145434038eafc4.png,FG515ZC
1454339649b6ac.png,CN073DC
14543393192e06.png,FK788ND
14543389a0dac4.png,AZ820RM
14543387e5aff3.png,BK056CK
145433838a2af3.png,ER665DJ
14543378dd233c.png,4121YC62
14543375595b88.png,6182XB62
14543373cc1d55.png,9623YJ25
1454336804f0ed.png,5136YP62
1454336227afc6.png,3628RM59
1454335801005d.png,4480YD62
14543346ff616e.png,AL240RS
14543337eeb015.png,979DFN59
14543328c01d8c.png,AE470AX
1454332754d240.png,960CQZ59
145433191e3a86.png,4085XP62
14543317b14194.png,AZ820RM
145433161883a8.png,224CDF60
14543312c0e79e.png,224CDF60
14543310d16f1d.png,AE279VE
1454330652cb6d.png,DX368WT
1454329547bc2d.png,DN554EM
145432891d1b00.png,CZ749SH
14543288d35279.png,DR091HY
1454327568f029.png,1812ZT25
14543258876b7e.png,BB789RZ
145431285dd8b7.png,BZ221PZ
14543112738bdb.png,EV939NT
14542296d528e7.png,BS200BL
14541843c4c403.png,CC931JG
14541815e8e8d2.png,3003YC72
14541452e1e347.png,DS719TR
1454144520a2b1.png,CZ508YR
145414368d1f5f.png,BT523BJ
14541430e89c07.png,CG466XS
14541424d34d5e.png,EB765XZ
14541418da773b.png,DS545QY
14541409f86930.png,DQ378HP
14541401ff7158.png,6040ZP25
145413987ec519.png,BV186KY
1454137721dde8.png,EZ521XD
145405332fabc4.png,DE413NF
145405181ca8e6.png,CS124CD
145399626865a6.png,AZ460EC
14539948e15e77.png,AX957SX
145399331da90f.png,AV234JH
1453989677f9e1.png,2371GA90
14539884b7a6eb.png,CQ191AQ
1453986589b255.png,DY811TA
1453983916472a.png,AD872VL
145398093c3165.png,3857NA70
14539798e054fb.png,3857NA70
14539785061606.png,AP675WE
1453976290251b.png,AZ305EH
14539749c38c3c.png,BP446BA
1453972870a89c.png,9552MA52
145397184adb4b.png,9552MA52
14539697e89315.png,AS154QH
14539682c507df.png,AK089ML
145396041f0bf9.png,ET831GF
14538656576c2d.png,FM045LF
1453864760fe97.png,FM045LF
1453833356205a.png,AT032CV
1453748410e7e6.png,72BQX59
145374736c884e.png,4166YL02
14537466f1f103.png,9498XX02
145374582b3de7.png,5326YZ59
145374538154f1.png,828QWB75
14537446015dee.png,CV001SY
1453744179f5f4.png,617BQL59
14537433c06e1a.png,FB258FP
145374308a3b96.png,AG319ZC
1453742338f6ce.png,167AHQ59
145374183b4cd0.png,167AHQ59
14537410b68634.png,315EPE95
145374034457aa.png,315EPE95
1453739784c35f.png,638ESY91
145373857d7b57.png,530CNN59
14537379f852ed.png,530CNN59
14537373d3393a.png,333DHK59
14537367e7b074.png,295NJK75
145373596332e4.png,8966VJ62
14537349be4dad.png,295NJK75
14537344a651ba.png,2341WG62
145373408945c9.png,30MT59
14537328eaac4f.png,30MT59
1453731378f540.png,6108WR62
14537308c7d137.png,332NZP75
14537305b3f133.png,6945WV62
145372930b0c5a.png,5894TF62
14537287b10ab2.png,6888WQ62
14537277c0531b.png,1920TW62
145372643aa2ac.png,5766VB62
14537242be3f5b.png,5766VB62
1453723306e8e9.png,976BGF83
145372268b2ad7.png,976BGF83
14537219148c41.png,1583WK80
145372114627eb.png,1583WK80
145372061dae00.png,219WP62
1453720155b88a.png,219WP62
14537196f75fe8.png,9929WK62
14537192c69c8d.png,9929WK62
14537184e15007.png,9382YG62
14537175f58b73.png,6674XC62
14537167329ff1.png,3201XE62
14537160ffe79e.png,3536XX62
14537155233ea9.png,3536XX62
14537149e700b1.png,3254SG62
14537142d2c142.png,7930RZ62
14537132f69100.png,1449XJ62
14537121824efc.png,3294XJ62
1453711851be51.png,214ACC59
1453710754f87e.png,FB636PE
14537099b35561.png,3701WN62
145370934b2746.png,2967XQ72
145370887874b2.png,2967XQ72
14537081decdf4.png,1528WN62
1453707652d42c.png,266CFC59
1453707372236e.png,266CFC59
145370687f662b.png,6954YG62
14537061f69d61.png,3666VJ62
1453705851269d.png,906CNJ59
14537053987ba3.png,3666VJ62
14537048c37ccb.png,906CNJ59
14537044f3f776.png,2702WJ62
1453704142c858.png,6501XV62
145370147af90a.png,6501XV62
145370059dd6ed.png,DS482AR
14536997682c09.png,BY570SF
14536984dd90d7.png,571BVC59
14536968dd39d5.png,571BVC59
145369591c1f8a.png,1809YD62
14536953f8ac70.png,1809YD62
14536946738aa5.png,2300XN62
1453694148dab2.png,324CCD59
14536936117e55.png,AA906AA
145369337b278f.png,AA906AA
14536925517b7a.png,8659WP80
145369209fecfd.png,4292VX80
1453691489af98.png,260AZV59
1453691210fc64.png,8659WP80
14536909383d4f.png,BN329XA
14536905b29cbb.png,4292VX80
14536901e37bf6.png,7804YQ62
14536898459978.png,470DKR59
14536895c49307.png,9106XN62
145368880ec7fd.png,657CZL59
14536881b4dfd9.png,AA317RG
14536676a1ef7c.png,584BGN06
14536388663c96.png,ET622VH
14536200fb5c60.png,AK064YS
1453610337ef08.png,147DAA59
1453598544cb23.png,AY238JZ
14535983d0fcc1.png,AY238JZ
1453597058c6ef.png,AP440GW
14535957be507f.png,AQ392YG
1453594596254e.png,CA358WM
145359360677e0.png,CA358WM
14535903318920.png,9114WA62
14535857783220.png,BC159FJ
1453578863f4d1.png,AA820RZ
145357473065e4.png,AQ285QD
14535672da62e2.png,WW624ZJ
14535601ba7ec1.png,DA995YQ
1453558455af33.png,1021SW33
145355660fa0bb.png,AK101KK
1453544638555b.png,DH029CP
14535361d8b959.png,DT520HP
14535356e51fa1.png,AQ978MA
14535325209892.png,EH288KK
14535324a85192.png,1021SW33
14535229649a80.png,AA178WE
145350987bf1a1.png,FK118GA
14534981b2a21a.png,AH135GZ
145349447bf780.png,AS224QG
14534895e4e6d3.png,AY962KQ
14534826b3de7b.png,CY299AD
145343286fea27.png,348AHB57
145340927a50c5.png,FJ429AZ
1453391165b0cb.png,AD799VT
145337948a28cd.png,AQ162WD
145337018fc192.png,ES525AC
14533695464bd7.png,8633WN62
145336889f5a66.png,657CZL59
14533679ac4b1e.png,1064WP85
14533574e3c104.png,EM825ZT
14533550c7ac41.png,FL123HK
14533540cf6801.png,FB416QV
1453348866d62e.png,WW597SD
145334441f4b5d.png,DP477XV
14533245310d61.png,88DHG59
145332262aed83.png,221CWQ59
145331280f91c7.png,EA926PM
14533109d31f89.png,EJ100RG
14532272ad7db6.png,DS172VS
145322635977d6.png,AY156NV
14532250779bbe.png,601BEH60
145320744899b6.png,FB767CE
145318369b92e8.png,CT107JY
14531799f9ac81.png,2467DU69
14531585d45432.png,9852YA25
14531573f7d515.png,7973SY39
145315606eb88e.png,AA447CC
145314278f12c1.png,CD481SD
145314228b4f00.png,EE806TH
14531417e751b2.png,EE806TH
14531415b395cd.png,ED982EL
1453138794cfb9.png,AZ873BB
145313672e5d1c.png,2475HD90
145313433201cd.png,DH278RN
145312556d8c4c.png,BX719DM
1453124040d119.png,6317SN89
145312238ca626.png,822YM45
14531209bf3ca9.png,9333SH89
1453118885cdf7.png,6993RW94
145311773790c7.png,16MV63
14531163d880bf.png,847EPX91
1453113254992f.png,646GF90
14530996397633.png,DQ692XS
14530982da050b.png,7179KC05
14530972c64244.png,FG807YA
14530958c7683f.png,FG807YA
14530512f97148.png,723BVE59
14530382182125.png,EM493JK
145303620beb8e.png,EV840PL
145303160e8e1b.png,BC269AH
1453026522703d.png,288BHB38
145302624426c4.png,378BCJ38
145302003cf45f.png,WW327HH
1453019594789a.png,WW614WL
14530186f94ecc.png,WW891HM
145301776d2d31.png,EQ553CG
14530172954868.png,EL191YJ
14530147de3fdf.png,EM006BL
14530092cfec8d.png,940NRQ75
145300344dc3e3.png,2539CX33
14529871d7898a.png,DY700QH
145298565fce97.png,341DHL59
1452984737b0de.png,AZ991WQ
14529805d2bdb9.png,4737VF62
14528987247f5d.png,AW155JA
14528929ab7e65.png,CZ876EC
145288386ebed1.png,DG257DX
1452869421488f.png,BR878GL
14528598e70b24.png,EA606XS
14528085b2f044.png,EJ215SC
1452806628d679.png,CP259WG
145280569e0f49.png,BR867KN
14527976d6f508.png,AQ697RW
145279108a3393.png,CG547ZH
1452788329f80c.png,995GHS75
14527620f4a4d7.png,BV845LF
14527495a8fb99.png,EW398TL
14527337213d10.png,139CFH60
14527200b2d5d0.png,ER307XE
14527131c4f2b0.png,FP991FD
14527068b0ea59.png,FB143BJ
14527034f44941.png,CW912CK
14527000c87ab6.png,DQ624KK
14526495e2ddaa.png,CF003TT
14526358517898.png,1301RN06
14526291cf7eaf.png,8081YN38
14526165aee180.png,DE009ZB
145256081efe15.png,CV274NS
145254636e5904.png,404AVP59
145254374caae9.png,FL062MG
145254000a8a67.png,6156NB33
14524906b0c449.png,9320YK56
14524903dbd613.png,9320YK56
14524558f25636.png,8133AS13
14524287dc7a25.png,1348XZ76
1452424287b374.png,1177WK94
1452424039331c.png,1348XZ76
145242382724d9.png,3406XE62
14524235c8d049.png,8206XR76
1452423267044b.png,782MSL75
1452423110fcef.png,782MSL75
145242287be3db.png,5750YC62
14524222454d62.png,5750YC62
14588223191dc3.png,746BA50
14584950c4c774.png,600RKM75
